Id,label
0,pos
1,pos
2,pos
3,pos
4,pos
5,neg
6,pos
7,pos
8,pos
9,pos
10,pos
11,pos
12,pos
13,neg
14,pos
15,pos
16,pos
17,pos
18,pos
19,neg
20,neg
21,pos
22,pos
23,neg
24,pos
25,neg
26,pos
27,pos
28,pos
29,pos
30,pos
31,pos
32,pos
33,pos
34,pos
35,pos
36,pos
37,neg
38,neg
39,neg
40,neg
41,pos
42,pos
43,neg
44,neg
45,neg
46,pos
47,pos
48,pos
49,pos
50,neg
51,neg
52,pos
53,neg
54,pos
55,pos
56,pos
57,pos
58,neg
59,pos
60,pos
61,pos
62,neg
63,pos
64,neg
65,neg
66,neg
67,neg
68,pos
69,pos
70,pos
71,pos
72,pos
73,pos
74,pos
75,pos
76,pos
77,pos
78,pos
79,neg
80,pos
81,neg
82,pos
83,pos
84,pos
85,pos
86,neg
87,pos
88,pos
89,pos
90,neg
91,neg
92,pos
93,pos
94,pos
95,neg
96,neg
97,neg
98,pos
99,pos
100,pos
101,pos
102,pos
103,pos
104,pos
105,pos
106,neg
107,neg
108,neg
109,pos
110,pos
111,neg
112,pos
113,pos
114,neg
115,neg
116,pos
117,neg
118,pos
119,neg
120,pos
121,pos
122,pos
123,pos
124,pos
125,neg
126,neg
127,pos
128,pos
129,pos
130,pos
131,pos
132,neg
133,neg
134,neg
135,pos
136,pos
137,pos
138,pos
139,neg
140,pos
141,pos
142,neg
143,neg
144,pos
145,pos
146,pos
147,pos
148,pos
149,neg
150,neg
151,pos
152,pos
153,pos
154,pos
155,neg
156,neg
157,pos
158,pos
159,neg
160,neg
161,pos
162,neg
163,neg
164,neg
165,pos
166,neg
167,pos
168,pos
169,neg
170,neg
171,neg
172,pos
173,pos
174,pos
175,neg
176,pos
177,neg
178,neg
179,pos
180,pos
181,neg
182,neg
183,neg
184,pos
185,neg
186,pos
187,pos
188,pos
189,neg
190,pos
191,pos
192,pos
193,neg
194,neg
195,neg
196,pos
197,pos
198,pos
199,neg
200,pos
201,neg
202,pos
203,pos
204,pos
205,pos
206,pos
207,neg
208,pos
209,pos
210,neg
211,pos
212,neg
213,neg
214,pos
215,pos
216,pos
217,pos
218,neg
219,pos
220,pos
221,neg
222,pos
223,pos
224,pos
225,pos
226,pos
227,pos
228,neg
229,pos
230,pos
231,neg
232,neg
233,pos
234,pos
235,pos
236,pos
237,pos
238,pos
239,pos
240,pos
241,pos
242,pos
243,pos
244,pos
245,pos
246,neg
247,neg
248,pos
249,pos
250,neg
251,pos
252,pos
253,pos
254,pos
255,pos
256,pos
257,pos
258,pos
259,pos
260,neg
261,pos
262,pos
263,pos
264,pos
265,pos
266,neg
267,pos
268,neg
269,pos
270,pos
271,pos
272,pos
273,pos
274,pos
275,pos
276,neg
277,pos
278,pos
279,pos
280,pos
281,pos
282,neg
283,pos
284,neg
285,pos
286,neg
287,neg
288,pos
289,neg
290,pos
291,neg
292,pos
293,pos
294,pos
295,pos
296,pos
297,pos
298,neg
299,pos
300,pos
301,pos
302,pos
303,pos
304,pos
305,pos
306,pos
307,neg
308,pos
309,neg
310,pos
311,pos
312,neg
313,pos
314,pos
315,pos
316,neg
317,pos
318,pos
319,neg
320,pos
321,pos
322,pos
323,pos
324,pos
325,neg
326,pos
327,pos
328,neg
329,pos
330,pos
331,neg
332,neg
333,pos
334,neg
335,neg
336,neg
337,pos
338,neg
339,pos
340,neg
341,neg
342,pos
343,pos
344,pos
345,neg
346,neg
347,pos
348,pos
349,pos
350,pos
351,pos
352,pos
353,neg
354,neg
355,neg
356,pos
357,pos
358,neg
359,pos
360,pos
361,neg
362,pos
363,neg
364,neg
365,neg
366,neg
367,pos
368,pos
369,neg
370,pos
371,pos
372,pos
373,pos
374,pos
375,pos
376,neg
377,pos
378,pos
379,pos
380,neg
381,pos
382,pos
383,pos
384,pos
385,neg
386,pos
387,pos
388,pos
389,neg
390,pos
391,pos
392,pos
393,pos
394,pos
395,pos
396,pos
397,pos
398,pos
399,pos
400,neg
401,pos
402,neg
403,pos
404,neg
405,pos
406,pos
407,pos
408,pos
409,pos
410,pos
411,pos
412,neg
413,neg
414,pos
415,pos
416,pos
417,pos
418,pos
419,pos
420,pos
421,pos
422,neg
423,pos
424,pos
425,pos
426,pos
427,pos
428,neg
429,pos
430,pos
431,pos
432,pos
433,pos
434,pos
435,neg
436,pos
437,pos
438,pos
439,neg
440,neg
441,neg
442,pos
443,pos
444,pos
445,pos
446,neg
447,neg
448,neg
449,neg
450,neg
451,pos
452,neg
453,pos
454,pos
455,neg
456,pos
457,pos
458,pos
459,neg
460,pos
461,pos
462,pos
463,pos
464,pos
465,neg
466,neg
467,pos
468,pos
469,pos
470,neg
471,pos
472,pos
473,neg
474,pos
475,neg
476,pos
477,pos
478,pos
479,neg
480,pos
481,pos
482,pos
483,neg
484,pos
485,neg
486,pos
487,pos
488,pos
489,pos
490,neg
491,neg
492,pos
493,pos
494,neg
495,pos
496,pos
497,neg
498,neg
499,pos
500,pos
501,pos
502,neg
503,neg
504,pos
505,pos
506,neg
507,neg
508,pos
509,pos
510,pos
511,pos
512,pos
513,neg
514,neg
515,neg
516,pos
517,pos
518,pos
519,pos
520,neg
521,pos
522,pos
523,pos
524,pos
525,pos
526,pos
527,pos
528,pos
529,neg
530,pos
531,pos
532,pos
533,neg
534,pos
535,neg
536,pos
537,pos
538,pos
539,neg
540,neg
541,pos
542,neg
543,pos
544,pos
545,pos
546,pos
547,neg
548,pos
549,pos
550,neg
551,pos
552,pos
553,pos
554,pos
555,pos
556,pos
557,pos
558,neg
559,neg
560,pos
561,pos
562,pos
563,pos
564,pos
565,pos
566,neg
567,pos
568,neg
569,pos
570,pos
571,pos
572,pos
573,neg
574,neg
575,pos
576,neg
577,pos
578,pos
579,pos
580,neg
581,pos
582,pos
583,neg
584,pos
585,neg
586,pos
587,pos
588,pos
589,pos
590,neg
591,pos
592,neg
593,neg
594,pos
595,pos
596,pos
597,pos
598,neg
599,neg
600,pos
601,neg
602,pos
603,pos
604,neg
605,pos
606,pos
607,pos
608,neg
609,pos
610,pos
611,neg
612,neg
613,pos
614,pos
615,pos
616,neg
617,pos
618,neg
619,pos
620,pos
621,pos
622,pos
623,pos
624,pos
625,neg
626,pos
627,neg
628,pos
629,pos
630,neg
631,pos
632,pos
633,neg
634,pos
635,pos
636,pos
637,pos
638,neg
639,neg
640,neg
641,pos
642,pos
643,pos
644,neg
645,pos
646,neg
647,pos
648,pos
649,pos
650,pos
651,pos
652,neg
653,neg
654,pos
655,pos
656,pos
657,pos
658,neg
659,pos
660,pos
661,pos
662,pos
663,neg
664,neg
665,neg
666,pos
667,neg
668,pos
669,neg
670,neg
671,pos
672,neg
673,pos
674,neg
675,pos
676,pos
677,neg
678,pos
679,pos
680,pos
681,pos
682,neg
683,pos
684,pos
685,pos
686,pos
687,pos
688,pos
689,pos
690,neg
691,neg
692,pos
693,pos
694,neg
695,pos
696,pos
697,pos
698,pos
699,pos
700,neg
701,pos
702,pos
703,pos
704,pos
705,pos
706,pos
707,neg
708,pos
709,pos
710,pos
711,pos
712,pos
713,pos
714,pos
715,neg
716,pos
717,neg
718,pos
719,neg
720,neg
721,pos
722,neg
723,pos
724,pos
725,pos
726,pos
727,pos
728,pos
729,pos
730,pos
731,pos
732,pos
733,pos
734,pos
735,pos
736,pos
737,neg
738,pos
739,neg
740,pos
741,neg
742,pos
743,neg
744,neg
745,pos
746,neg
747,pos
748,pos
749,pos
750,pos
751,pos
752,pos
753,neg
754,pos
755,pos
756,pos
757,pos
758,neg
759,pos
760,pos
761,pos
762,neg
763,neg
764,neg
765,pos
766,pos
767,pos
768,neg
769,neg
770,pos
771,neg
772,pos
773,neg
774,pos
775,neg
776,neg
777,neg
778,neg
779,pos
780,pos
781,neg
782,pos
783,pos
784,pos
785,pos
786,neg
787,pos
788,neg
789,pos
790,pos
791,pos
792,neg
793,pos
794,pos
795,pos
796,pos
797,pos
798,neg
799,neg
800,pos
801,neg
802,pos
803,pos
804,neg
805,neg
806,pos
807,pos
808,neg
809,pos
810,pos
811,pos
812,pos
813,pos
814,neg
815,neg
816,pos
817,neg
818,pos
819,neg
820,neg
821,pos
822,pos
823,neg
824,neg
825,pos
826,neg
827,pos
828,pos
829,pos
830,neg
831,pos
832,pos
833,neg
834,pos
835,pos
836,pos
837,pos
838,pos
839,pos
840,pos
841,neg
842,pos
843,pos
844,neg
845,pos
846,neg
847,neg
848,neg
849,pos
850,pos
851,neg
852,pos
853,neg
854,neg
855,pos
856,pos
857,neg
858,pos
859,pos
860,pos
861,pos
862,neg
863,pos
864,pos
865,neg
866,pos
867,pos
868,pos
869,pos
870,pos
871,pos
872,pos
873,neg
874,pos
875,pos
876,pos
877,pos
878,pos
879,pos
880,pos
881,pos
882,pos
883,pos
884,pos
885,neg
886,pos
887,pos
888,pos
889,pos
890,pos
891,neg
892,neg
893,pos
894,neg
895,pos
896,pos
897,pos
898,pos
899,pos
900,pos
901,neg
902,pos
903,pos
904,pos
905,pos
906,pos
907,pos
908,pos
909,pos
910,pos
911,neg
912,pos
913,neg
914,pos
915,pos
916,pos
917,pos
918,neg
919,pos
920,neg
921,neg
922,pos
923,neg
924,neg
925,pos
926,pos
927,pos
928,neg
929,pos
930,pos
931,pos
932,pos
933,pos
934,pos
935,pos
936,pos
937,pos
938,pos
939,pos
940,pos
941,neg
942,neg
943,neg
944,pos
945,pos
946,neg
947,neg
948,pos
949,pos
950,pos
951,neg
952,pos
953,pos
954,pos
955,pos
956,neg
957,neg
958,neg
959,neg
960,pos
961,pos
962,pos
963,neg
964,pos
965,pos
966,pos
967,pos
968,neg
969,pos
970,pos
971,pos
972,pos
973,pos
974,pos
975,pos
976,pos
977,neg
978,pos
979,neg
980,neg
981,pos
982,pos
983,pos
984,pos
985,neg
986,pos
987,pos
988,neg
989,pos
990,pos
991,neg
992,pos
993,neg
994,neg
995,pos
996,pos
997,neg
998,pos
999,neg
1000,pos
1001,pos
1002,pos
1003,pos
1004,neg
1005,neg
1006,neg
1007,pos
1008,pos
1009,pos
1010,pos
1011,pos
1012,neg
1013,pos
1014,pos
1015,neg
1016,neg
1017,neg
1018,pos
1019,pos
1020,pos
1021,pos
1022,pos
1023,pos
1024,pos
1025,neg
1026,pos
1027,neg
1028,neg
1029,neg
1030,pos
1031,pos
1032,pos
1033,pos
1034,pos
1035,neg
1036,pos
1037,neg
1038,pos
1039,pos
1040,pos
1041,pos
1042,pos
1043,neg
1044,neg
1045,pos
1046,pos
1047,neg
1048,pos
1049,neg
1050,pos
1051,neg
1052,pos
1053,pos
1054,neg
1055,pos
1056,pos
1057,pos
1058,pos
1059,pos
1060,neg
1061,neg
1062,pos
1063,pos
1064,neg
1065,pos
1066,pos
1067,pos
1068,neg
1069,pos
1070,neg
1071,pos
1072,neg
1073,pos
1074,pos
1075,pos
1076,pos
1077,neg
1078,pos
1079,neg
1080,pos
1081,pos
1082,pos
1083,neg
1084,neg
1085,neg
1086,neg
1087,pos
1088,neg
1089,neg
1090,pos
1091,pos
1092,pos
1093,neg
1094,pos
1095,pos
1096,pos
1097,pos
1098,neg
1099,pos
1100,pos
1101,pos
1102,pos
1103,pos
1104,pos
1105,neg
1106,pos
1107,neg
1108,pos
1109,neg
1110,pos
1111,neg
1112,neg
1113,pos
1114,pos
1115,neg
1116,pos
1117,pos
1118,neg
1119,pos
1120,pos
1121,pos
1122,pos
1123,pos
1124,pos
1125,pos
1126,pos
1127,pos
1128,pos
1129,neg
1130,pos
1131,neg
1132,pos
1133,neg
1134,pos
1135,pos
1136,pos
1137,pos
1138,pos
1139,neg
1140,neg
1141,pos
1142,pos
1143,neg
1144,pos
1145,pos
1146,pos
1147,pos
1148,neg
1149,neg
1150,neg
1151,pos
1152,pos
1153,pos
1154,pos
1155,pos
1156,pos
1157,pos
1158,pos
1159,neg
1160,pos
1161,neg
1162,neg
1163,neg
1164,neg
1165,pos
1166,pos
1167,pos
1168,pos
1169,pos
1170,neg
1171,pos
1172,neg
1173,pos
1174,neg
1175,pos
1176,pos
1177,neg
1178,pos
1179,pos
1180,pos
1181,pos
1182,pos
1183,pos
1184,pos
1185,pos
1186,pos
1187,pos
1188,neg
1189,pos
1190,pos
1191,neg
1192,pos
1193,pos
1194,pos
1195,pos
1196,pos
1197,neg
1198,pos
1199,neg
1200,neg
1201,neg
1202,pos
1203,pos
1204,pos
1205,neg
1206,pos
1207,pos
1208,pos
1209,pos
1210,pos
1211,neg
1212,neg
1213,pos
1214,pos
1215,neg
1216,pos
1217,pos
1218,neg
1219,pos
1220,pos
1221,pos
1222,pos
1223,neg
1224,neg
1225,pos
1226,pos
1227,neg
1228,pos
1229,pos
1230,pos
1231,pos
1232,neg
1233,pos
1234,neg
1235,pos
1236,pos
1237,pos
1238,pos
1239,neg
1240,neg
1241,pos
1242,pos
1243,pos
1244,pos
1245,neg
1246,pos
1247,pos
1248,pos
1249,neg
1250,neg
1251,neg
1252,neg
1253,pos
1254,pos
1255,pos
1256,pos
1257,pos
1258,neg
1259,pos
1260,neg
1261,pos
1262,neg
1263,pos
1264,neg
1265,pos
1266,pos
1267,pos
1268,pos
1269,pos
1270,neg
1271,neg
1272,pos
1273,pos
1274,pos
1275,pos
1276,pos
1277,pos
1278,pos
1279,pos
1280,neg
1281,neg
1282,pos
1283,neg
1284,neg
1285,neg
1286,neg
1287,pos
1288,pos
1289,neg
1290,pos
1291,neg
1292,pos
1293,pos
1294,neg
1295,pos
1296,neg
1297,pos
1298,pos
1299,neg
1300,neg
1301,pos
1302,pos
1303,neg
1304,neg
1305,pos
1306,pos
1307,pos
1308,pos
1309,pos
1310,neg
1311,neg
1312,neg
1313,pos
1314,pos
1315,pos
1316,pos
1317,pos
1318,pos
1319,pos
1320,pos
1321,pos
1322,neg
1323,pos
1324,pos
1325,pos
1326,pos
1327,pos
1328,neg
1329,neg
1330,neg
1331,neg
1332,pos
1333,pos
1334,pos
1335,neg
1336,pos
1337,pos
1338,pos
1339,pos
1340,pos
1341,pos
1342,neg
1343,pos
1344,pos
1345,pos
1346,pos
1347,pos
1348,pos
1349,neg
1350,pos
1351,pos
1352,pos
1353,pos
1354,neg
1355,pos
1356,neg
1357,pos
1358,pos
1359,pos
1360,neg
1361,pos
1362,neg
1363,neg
1364,pos
1365,pos
1366,neg
1367,neg
1368,pos
1369,pos
1370,pos
1371,neg
1372,pos
1373,pos
1374,neg
1375,pos
1376,pos
1377,pos
1378,pos
1379,pos
1380,neg
1381,pos
1382,pos
1383,pos
1384,pos
1385,pos
1386,pos
1387,pos
1388,pos
1389,pos
1390,neg
1391,pos
1392,pos
1393,pos
1394,pos
1395,pos
1396,pos
1397,pos
1398,pos
1399,pos
1400,neg
1401,neg
1402,pos
1403,pos
1404,pos
1405,pos
1406,neg
1407,pos
1408,neg
1409,pos
1410,pos
1411,neg
1412,pos
1413,pos
1414,pos
1415,pos
1416,pos
1417,pos
1418,pos
1419,pos
1420,neg
1421,pos
1422,neg
1423,pos
1424,pos
1425,pos
1426,pos
1427,pos
1428,pos
1429,neg
1430,neg
1431,pos
1432,neg
1433,pos
1434,neg
1435,pos
1436,pos
1437,neg
1438,neg
1439,neg
1440,neg
1441,pos
1442,neg
1443,pos
1444,neg
1445,neg
1446,pos
1447,pos
1448,neg
1449,neg
1450,pos
1451,pos
1452,neg
1453,pos
1454,pos
1455,pos
1456,neg
1457,pos
1458,pos
1459,neg
1460,pos
1461,neg
1462,pos
1463,pos
1464,pos
1465,neg
1466,pos
1467,pos
1468,neg
1469,neg
1470,pos
1471,pos
1472,pos
1473,neg
1474,pos
1475,pos
1476,neg
1477,pos
1478,pos
1479,pos
1480,pos
1481,pos
1482,pos
1483,pos
1484,pos
1485,pos
1486,pos
1487,neg
1488,neg
1489,pos
1490,pos
1491,neg
1492,neg
1493,pos
1494,pos
1495,pos
1496,neg
1497,neg
1498,neg
1499,pos
1500,pos
1501,neg
1502,pos
1503,neg
1504,pos
1505,neg
1506,pos
1507,pos
1508,pos
1509,pos
1510,neg
1511,pos
1512,neg
1513,neg
1514,neg
1515,neg
1516,pos
1517,pos
1518,neg
1519,pos
1520,neg
1521,neg
1522,pos
1523,pos
1524,pos
1525,pos
1526,neg
1527,pos
1528,neg
1529,pos
1530,pos
1531,neg
1532,pos
1533,pos
1534,pos
1535,neg
1536,neg
1537,pos
1538,pos
1539,neg
1540,pos
1541,pos
1542,pos
1543,neg
1544,pos
1545,neg
1546,pos
1547,pos
1548,pos
1549,pos
1550,pos
1551,pos
1552,neg
1553,pos
1554,pos
1555,pos
1556,pos
1557,neg
1558,pos
1559,pos
1560,neg
1561,pos
1562,pos
1563,pos
1564,neg
1565,pos
1566,pos
1567,pos
1568,pos
1569,neg
1570,neg
1571,pos
1572,pos
1573,pos
1574,pos
1575,neg
1576,pos
1577,neg
1578,pos
1579,neg
1580,pos
1581,pos
1582,pos
1583,pos
1584,pos
1585,neg
1586,pos
1587,pos
1588,pos
1589,pos
1590,pos
1591,pos
1592,neg
1593,pos
1594,pos
1595,pos
1596,neg
1597,pos
1598,pos
1599,pos
1600,pos
1601,pos
1602,pos
1603,pos
1604,pos
1605,pos
1606,neg
1607,pos
1608,neg
1609,neg
1610,pos
1611,neg
1612,pos
1613,pos
1614,neg
1615,neg
1616,pos
1617,pos
1618,pos
1619,pos
1620,pos
1621,pos
1622,pos
1623,neg
1624,pos
1625,pos
1626,neg
1627,pos
1628,pos
1629,pos
1630,pos
1631,pos
1632,pos
1633,pos
1634,pos
1635,pos
1636,neg
1637,pos
1638,pos
1639,pos
1640,pos
1641,pos
1642,neg
1643,neg
1644,pos
1645,neg
1646,pos
1647,neg
1648,pos
1649,neg
1650,neg
1651,neg
1652,pos
1653,neg
1654,neg
1655,neg
1656,neg
1657,pos
1658,pos
1659,pos
1660,pos
1661,neg
1662,pos
1663,neg
1664,pos
1665,neg
1666,neg
1667,pos
1668,neg
1669,pos
1670,pos
1671,pos
1672,pos
1673,pos
1674,neg
1675,pos
1676,pos
1677,neg
1678,pos
1679,neg
1680,pos
1681,neg
1682,neg
1683,neg
1684,pos
1685,pos
1686,neg
1687,pos
1688,pos
1689,pos
1690,pos
1691,pos
1692,pos
1693,pos
1694,neg
1695,pos
1696,pos
1697,pos
1698,pos
1699,neg
1700,neg
1701,pos
1702,pos
1703,pos
1704,neg
1705,pos
1706,neg
1707,pos
1708,pos
1709,pos
1710,neg
1711,pos
1712,neg
1713,pos
1714,neg
1715,neg
1716,pos
1717,neg
1718,neg
1719,pos
1720,pos
1721,pos
1722,pos
1723,pos
1724,neg
1725,pos
1726,pos
1727,neg
1728,neg
1729,pos
1730,neg
1731,pos
1732,pos
1733,neg
1734,pos
1735,pos
1736,neg
1737,pos
1738,neg
1739,pos
1740,pos
1741,pos
1742,pos
1743,neg
1744,pos
1745,neg
1746,neg
1747,pos
1748,pos
1749,neg
1750,neg
1751,pos
1752,pos
1753,pos
1754,pos
1755,pos
1756,pos
1757,pos
1758,pos
1759,pos
1760,pos
1761,pos
1762,pos
1763,pos
1764,pos
1765,pos
1766,neg
1767,pos
1768,neg
1769,pos
1770,pos
1771,pos
1772,pos
1773,pos
1774,neg
1775,pos
1776,pos
1777,pos
1778,pos
1779,neg
1780,pos
1781,neg
1782,pos
1783,pos
1784,pos
1785,pos
1786,neg
1787,pos
1788,pos
1789,pos
1790,pos
1791,pos
1792,neg
1793,pos
1794,neg
1795,pos
1796,neg
1797,neg
1798,pos
1799,neg
1800,pos
1801,pos
1802,pos
1803,pos
1804,neg
1805,pos
1806,pos
1807,pos
1808,neg
1809,pos
1810,pos
1811,pos
1812,neg
1813,pos
1814,neg
1815,pos
1816,pos
1817,neg
1818,pos
1819,pos
1820,pos
1821,neg
1822,neg
1823,pos
1824,pos
1825,pos
1826,pos
1827,neg
1828,pos
1829,neg
1830,neg
1831,pos
1832,neg
1833,pos
1834,pos
1835,pos
1836,pos
1837,pos
1838,neg
1839,pos
1840,pos
1841,pos
1842,neg
1843,pos
1844,pos
1845,neg
1846,pos
1847,neg
1848,pos
1849,pos
1850,pos
1851,neg
1852,neg
1853,pos
1854,neg
1855,neg
1856,pos
1857,pos
1858,neg
1859,neg
1860,pos
1861,pos
1862,neg
1863,neg
1864,pos
1865,neg
1866,pos
1867,pos
1868,neg
1869,pos
1870,pos
1871,neg
1872,neg
1873,neg
1874,pos
1875,pos
1876,pos
1877,pos
1878,neg
1879,pos
1880,pos
1881,pos
1882,pos
1883,neg
1884,neg
1885,pos
1886,neg
1887,pos
1888,neg
1889,pos
1890,pos
1891,pos
1892,pos
1893,pos
1894,neg
1895,pos
1896,pos
1897,pos
1898,pos
1899,pos
1900,pos
1901,pos
1902,neg
1903,neg
1904,pos
1905,pos
1906,pos
1907,pos
1908,neg
1909,pos
1910,pos
1911,neg
1912,neg
1913,pos
1914,pos
1915,pos
1916,pos
1917,pos
1918,pos
1919,pos
1920,pos
1921,pos
1922,pos
1923,pos
1924,pos
1925,pos
1926,pos
1927,pos
1928,pos
1929,pos
1930,neg
1931,pos
1932,neg
1933,pos
1934,pos
1935,neg
1936,pos
1937,neg
1938,neg
1939,pos
1940,pos
1941,pos
1942,pos
1943,pos
1944,pos
1945,pos
1946,pos
1947,pos
1948,pos
1949,pos
1950,pos
1951,pos
1952,pos
1953,neg
1954,pos
1955,pos
1956,pos
1957,pos
1958,pos
1959,neg
1960,neg
1961,neg
1962,pos
1963,pos
1964,pos
1965,neg
1966,neg
1967,pos
1968,pos
1969,neg
1970,pos
1971,pos
1972,pos
1973,pos
1974,pos
1975,neg
1976,pos
1977,pos
1978,neg
1979,neg
1980,pos
1981,pos
1982,pos
1983,pos
1984,pos
1985,neg
1986,pos
1987,neg
1988,pos
1989,pos
1990,pos
1991,pos
1992,pos
1993,neg
1994,pos
1995,pos
1996,pos
1997,pos
1998,neg
1999,pos
2000,pos
2001,pos
2002,pos
2003,neg
2004,neg
2005,pos
2006,pos
2007,neg
2008,pos
2009,pos
2010,pos
2011,pos
2012,pos
2013,neg
2014,pos
2015,neg
2016,neg
2017,neg
2018,neg
2019,pos
2020,pos
2021,neg
2022,pos
2023,pos
2024,pos
2025,pos
2026,pos
2027,pos
2028,pos
2029,neg
2030,pos
2031,pos
2032,neg
2033,neg
2034,pos
2035,pos
2036,pos
2037,pos
2038,pos
2039,pos
2040,pos
2041,pos
2042,neg
2043,pos
2044,pos
2045,pos
2046,pos
2047,pos
2048,pos
2049,pos
2050,pos
2051,pos
2052,pos
2053,pos
2054,pos
2055,pos
2056,neg
2057,pos
2058,pos
2059,neg
2060,pos
2061,pos
2062,pos
2063,pos
2064,pos
2065,pos
2066,pos
2067,pos
2068,pos
2069,pos
2070,pos
2071,pos
2072,pos
2073,pos
2074,pos
2075,pos
2076,neg
2077,neg
2078,neg
2079,neg
2080,pos
2081,pos
2082,pos
2083,pos
2084,pos
2085,pos
2086,pos
2087,pos
2088,pos
2089,pos
2090,pos
2091,pos
2092,pos
2093,neg
2094,pos
2095,pos
2096,neg
2097,pos
2098,pos
2099,pos
2100,pos
2101,pos
2102,pos
2103,pos
2104,neg
2105,pos
2106,pos
2107,neg
2108,pos
2109,pos
2110,neg
2111,pos
2112,pos
2113,pos
2114,neg
2115,neg
2116,pos
2117,pos
2118,pos
2119,pos
2120,pos
2121,neg
2122,pos
2123,pos
2124,pos
2125,pos
2126,pos
2127,pos
2128,neg
2129,pos
2130,pos
2131,pos
2132,neg
2133,pos
2134,pos
2135,pos
2136,pos
2137,pos
2138,pos
2139,pos
2140,neg
2141,neg
2142,pos
2143,pos
2144,pos
2145,neg
2146,pos
2147,pos
2148,pos
2149,pos
2150,neg
2151,neg
2152,neg
2153,pos
2154,pos
2155,neg
2156,neg
2157,pos
2158,pos
2159,pos
2160,neg
2161,pos
2162,pos
2163,pos
2164,pos
2165,pos
2166,pos
2167,pos
2168,pos
2169,neg
2170,pos
2171,pos
2172,pos
2173,pos
2174,pos
2175,pos
2176,neg
2177,neg
2178,pos
2179,pos
2180,pos
2181,pos
2182,pos
2183,pos
2184,pos
2185,neg
2186,pos
2187,pos
2188,pos
2189,neg
2190,neg
2191,neg
2192,pos
2193,neg
2194,pos
2195,neg
2196,pos
2197,neg
2198,pos
2199,pos
2200,pos
2201,neg
2202,pos
2203,pos
2204,pos
2205,pos
2206,pos
2207,neg
2208,pos
2209,pos
2210,neg
2211,pos
2212,pos
2213,neg
2214,neg
2215,pos
2216,pos
2217,pos
2218,pos
2219,neg
2220,pos
2221,pos
2222,neg
2223,neg
2224,pos
2225,pos
2226,neg
2227,pos
2228,pos
2229,neg
2230,pos
2231,pos
2232,pos
2233,pos
2234,neg
2235,pos
2236,neg
2237,pos
2238,pos
2239,neg
2240,pos
2241,pos
2242,pos
2243,pos
2244,neg
2245,pos
2246,pos
2247,neg
2248,pos
2249,pos
2250,pos
2251,pos
2252,pos
2253,neg
2254,pos
2255,pos
2256,pos
2257,pos
2258,pos
2259,pos
2260,pos
2261,pos
2262,pos
2263,pos
2264,pos
2265,neg
2266,neg
2267,pos
2268,neg
2269,pos
2270,pos
2271,neg
2272,pos
2273,neg
2274,pos
2275,pos
2276,neg
2277,pos
2278,neg
2279,neg
2280,pos
2281,pos
2282,pos
2283,neg
2284,pos
2285,pos
2286,pos
2287,pos
2288,neg
2289,neg
2290,neg
2291,neg
2292,pos
2293,neg
2294,pos
2295,pos
2296,pos
2297,pos
2298,neg
2299,neg
2300,neg
2301,neg
2302,neg
2303,pos
2304,pos
2305,pos
2306,neg
2307,pos
2308,neg
2309,neg
2310,pos
2311,pos
2312,neg
2313,neg
2314,neg
2315,pos
2316,pos
2317,pos
2318,neg
2319,pos
2320,neg
2321,pos
2322,pos
2323,pos
2324,neg
2325,pos
2326,pos
2327,pos
2328,pos
2329,pos
2330,neg
2331,neg
2332,pos
2333,pos
2334,pos
2335,pos
2336,pos
2337,neg
2338,pos
2339,pos
2340,pos
2341,neg
2342,pos
2343,pos
2344,pos
2345,pos
2346,pos
2347,pos
2348,pos
2349,pos
2350,neg
2351,pos
2352,pos
2353,pos
2354,neg
2355,pos
2356,pos
2357,pos
2358,neg
2359,pos
2360,pos
2361,pos
2362,pos
2363,pos
2364,pos
2365,pos
2366,neg
2367,pos
2368,pos
2369,neg
2370,pos
2371,neg
2372,pos
2373,pos
2374,pos
2375,pos
2376,pos
2377,pos
2378,pos
2379,pos
2380,pos
2381,neg
2382,pos
2383,pos
2384,pos
2385,neg
2386,pos
2387,neg
2388,neg
2389,pos
2390,pos
2391,pos
2392,neg
2393,neg
2394,pos
2395,neg
2396,pos
2397,pos
2398,pos
2399,pos
2400,neg
2401,pos
2402,neg
2403,pos
2404,pos
2405,neg
2406,pos
2407,pos
2408,neg
2409,pos
2410,pos
2411,neg
2412,neg
2413,pos
2414,neg
2415,neg
2416,pos
2417,pos
2418,neg
2419,neg
2420,neg
2421,pos
2422,pos
2423,pos
2424,pos
2425,pos
2426,pos
2427,pos
2428,pos
2429,neg
2430,pos
2431,pos
2432,pos
2433,pos
2434,pos
2435,pos
2436,pos
2437,pos
2438,neg
2439,pos
2440,pos
2441,pos
2442,pos
2443,pos
2444,neg
2445,pos
2446,pos
2447,neg
2448,neg
2449,pos
2450,pos
2451,pos
2452,pos
2453,neg
2454,neg
2455,pos
2456,neg
2457,pos
2458,pos
2459,pos
2460,pos
2461,pos
2462,pos
2463,pos
2464,pos
2465,pos
2466,neg
2467,pos
2468,pos
2469,pos
2470,pos
2471,neg
2472,pos
2473,neg
2474,neg
2475,pos
2476,pos
2477,pos
2478,pos
2479,pos
2480,pos
2481,pos
2482,neg
2483,neg
2484,pos
2485,neg
2486,pos
2487,pos
2488,pos
2489,pos
2490,neg
2491,pos
2492,neg
2493,pos
2494,pos
2495,pos
2496,neg
2497,neg
2498,neg
2499,pos
2500,pos
2501,pos
2502,pos
2503,neg
2504,neg
2505,pos
2506,pos
2507,neg
2508,neg
2509,pos
2510,neg
2511,pos
2512,neg
2513,neg
2514,pos
2515,pos
2516,pos
2517,pos
2518,neg
2519,pos
2520,pos
2521,pos
2522,neg
2523,pos
2524,pos
2525,pos
2526,pos
2527,neg
2528,neg
2529,neg
2530,neg
2531,pos
2532,neg
2533,pos
2534,neg
2535,neg
2536,pos
2537,pos
2538,pos
2539,pos
2540,pos
2541,neg
2542,pos
2543,pos
2544,neg
2545,neg
2546,neg
2547,pos
2548,pos
2549,pos
2550,pos
2551,pos
2552,pos
2553,pos
2554,neg
2555,neg
2556,pos
2557,pos
2558,pos
2559,pos
2560,neg
2561,neg
2562,neg
2563,neg
2564,pos
2565,pos
2566,pos
2567,neg
2568,neg
2569,pos
2570,pos
2571,pos
2572,pos
2573,neg
2574,neg
2575,pos
2576,neg
2577,neg
2578,neg
2579,pos
2580,pos
2581,pos
2582,pos
2583,pos
2584,pos
2585,neg
2586,pos
2587,neg
2588,pos
2589,pos
2590,pos
2591,pos
2592,pos
2593,pos
2594,pos
2595,pos
2596,pos
2597,pos
2598,neg
2599,pos
2600,neg
2601,pos
2602,pos
2603,neg
2604,neg
2605,pos
2606,pos
2607,neg
2608,pos
2609,pos
2610,pos
2611,pos
2612,pos
2613,neg
2614,pos
2615,neg
2616,pos
2617,pos
2618,pos
2619,pos
2620,pos
2621,pos
2622,pos
2623,pos
2624,pos
2625,pos
2626,neg
2627,pos
2628,pos
2629,pos
2630,pos
2631,neg
2632,neg
2633,neg
2634,neg
2635,neg
2636,neg
2637,neg
2638,pos
2639,pos
2640,neg
2641,pos
2642,pos
2643,pos
2644,pos
2645,neg
2646,neg
2647,pos
2648,neg
2649,pos
2650,pos
2651,pos
2652,pos
2653,pos
2654,neg
2655,neg
2656,neg
2657,pos
2658,neg
2659,neg
2660,pos
2661,pos
2662,pos
2663,neg
2664,pos
2665,neg
2666,pos
2667,pos
2668,pos
2669,neg
2670,neg
2671,neg
2672,pos
2673,pos
2674,pos
2675,pos
2676,pos
2677,pos
2678,pos
2679,pos
2680,pos
2681,neg
2682,pos
2683,pos
2684,pos
2685,pos
2686,pos
2687,neg
2688,pos
2689,pos
2690,pos
2691,neg
2692,pos
2693,neg
2694,neg
2695,neg
2696,neg
2697,pos
2698,pos
2699,pos
2700,neg
2701,pos
2702,pos
2703,pos
2704,pos
2705,neg
2706,pos
2707,neg
2708,neg
2709,neg
2710,neg
2711,pos
2712,neg
2713,pos
2714,pos
2715,neg
2716,neg
2717,pos
2718,pos
2719,neg
2720,neg
2721,pos
2722,pos
2723,pos
2724,pos
2725,pos
2726,neg
2727,pos
2728,pos
2729,pos
2730,pos
2731,neg
2732,pos
2733,neg
2734,neg
2735,pos
2736,pos
2737,pos
2738,pos
2739,pos
2740,pos
2741,pos
2742,pos
2743,pos
2744,neg
2745,pos
2746,pos
2747,pos
2748,neg
2749,pos
2750,neg
2751,neg
2752,pos
2753,pos
2754,pos
2755,neg
2756,neg
2757,pos
2758,neg
2759,pos
2760,pos
2761,pos
2762,pos
2763,pos
2764,pos
2765,neg
2766,pos
2767,neg
2768,pos
2769,neg
2770,pos
2771,pos
2772,neg
2773,pos
2774,pos
2775,neg
2776,pos
2777,neg
2778,neg
2779,pos
2780,pos
2781,pos
2782,pos
2783,pos
2784,pos
2785,pos
2786,neg
2787,pos
2788,pos
2789,neg
2790,neg
2791,pos
2792,neg
2793,pos
2794,pos
2795,pos
2796,neg
2797,pos
2798,pos
2799,pos
2800,neg
2801,pos
2802,pos
2803,pos
2804,pos
2805,pos
2806,pos
2807,pos
2808,pos
2809,pos
2810,neg
2811,neg
2812,neg
2813,pos
2814,neg
2815,pos
2816,neg
2817,neg
2818,neg
2819,pos
2820,pos
2821,pos
2822,pos
2823,pos
2824,pos
2825,pos
2826,pos
2827,pos
2828,pos
2829,neg
2830,pos
2831,pos
2832,pos
2833,neg
2834,neg
2835,neg
2836,pos
2837,pos
2838,neg
2839,pos
2840,pos
2841,pos
2842,neg
2843,pos
2844,pos
2845,pos
2846,pos
2847,pos
2848,pos
2849,neg
2850,pos
2851,pos
2852,neg
2853,pos
2854,pos
2855,pos
2856,pos
2857,neg
2858,neg
2859,pos
2860,pos
2861,pos
2862,pos
2863,pos
2864,neg
2865,pos
2866,pos
2867,neg
2868,pos
2869,pos
2870,pos
2871,neg
2872,pos
2873,pos
2874,pos
2875,pos
2876,pos
2877,neg
2878,pos
2879,pos
2880,pos
2881,neg
2882,neg
2883,pos
2884,pos
2885,neg
2886,neg
2887,neg
2888,neg
2889,neg
2890,pos
2891,neg
2892,pos
2893,pos
2894,pos
2895,neg
2896,pos
2897,neg
2898,pos
2899,neg
2900,pos
2901,pos
2902,neg
2903,neg
2904,pos
2905,pos
2906,pos
2907,pos
2908,pos
2909,pos
2910,pos
2911,pos
2912,neg
2913,pos
2914,pos
2915,pos
2916,neg
2917,neg
2918,pos
2919,neg
2920,pos
2921,pos
2922,pos
2923,pos
2924,pos
2925,neg
2926,pos
2927,neg
2928,neg
2929,pos
2930,pos
2931,pos
2932,pos
2933,neg
2934,neg
2935,neg
2936,pos
2937,pos
2938,neg
2939,pos
2940,pos
2941,neg
2942,pos
2943,neg
2944,pos
2945,pos
2946,neg
2947,neg
2948,pos
2949,neg
2950,pos
2951,pos
2952,pos
2953,neg
2954,pos
2955,pos
2956,pos
2957,neg
2958,pos
2959,neg
2960,pos
2961,pos
2962,pos
2963,neg
2964,neg
2965,pos
2966,pos
2967,neg
2968,pos
2969,pos
2970,pos
2971,neg
2972,pos
2973,pos
2974,neg
2975,pos
2976,pos
2977,pos
2978,neg
2979,pos
2980,neg
2981,pos
2982,pos
2983,pos
2984,pos
2985,neg
2986,pos
2987,neg
2988,pos
2989,pos
2990,pos
2991,neg
2992,pos
2993,pos
2994,pos
2995,pos
2996,neg
2997,pos
2998,pos
2999,pos
3000,pos
3001,pos
3002,neg
3003,pos
3004,neg
3005,neg
3006,pos
3007,neg
3008,pos
3009,pos
3010,pos
3011,neg
3012,neg
3013,neg
3014,pos
3015,neg
3016,pos
3017,pos
3018,pos
3019,neg
3020,pos
3021,pos
3022,pos
3023,neg
3024,pos
3025,pos
3026,pos
3027,pos
3028,pos
3029,pos
3030,pos
3031,pos
3032,pos
3033,pos
3034,neg
3035,neg
3036,pos
3037,pos
3038,pos
3039,pos
3040,pos
3041,pos
3042,pos
3043,pos
3044,pos
3045,pos
3046,pos
3047,neg
3048,pos
3049,neg
3050,pos
3051,neg
3052,pos
3053,pos
3054,neg
3055,pos
3056,pos
3057,neg
3058,pos
3059,neg
3060,pos
3061,pos
3062,pos
3063,pos
3064,neg
3065,neg
3066,pos
3067,neg
3068,pos
3069,pos
3070,pos
3071,neg
3072,pos
3073,neg
3074,pos
3075,pos
3076,pos
3077,pos
3078,pos
3079,neg
3080,pos
3081,neg
3082,pos
3083,neg
3084,pos
3085,pos
3086,neg
3087,pos
3088,pos
3089,pos
3090,pos
3091,pos
3092,neg
3093,pos
3094,neg
3095,pos
3096,pos
3097,pos
3098,pos
3099,pos
3100,pos
3101,pos
3102,pos
3103,neg
3104,neg
3105,neg
3106,pos
3107,pos
3108,neg
3109,pos
3110,neg
3111,pos
3112,neg
3113,neg
3114,pos
3115,neg
3116,pos
3117,pos
3118,neg
3119,pos
3120,pos
3121,neg
3122,pos
3123,neg
3124,pos
3125,pos
3126,pos
3127,pos
3128,neg
3129,pos
3130,pos
3131,pos
3132,neg
3133,neg
3134,pos
3135,pos
3136,neg
3137,pos
3138,pos
3139,pos
3140,neg
3141,pos
3142,pos
3143,pos
3144,neg
3145,neg
3146,pos
3147,pos
3148,neg
3149,neg
3150,pos
3151,pos
3152,pos
3153,neg
3154,pos
3155,neg
3156,pos
3157,neg
3158,pos
3159,neg
3160,neg
3161,pos
3162,pos
3163,pos
3164,pos
3165,neg
3166,pos
3167,pos
3168,neg
3169,pos
3170,pos
3171,pos
3172,pos
3173,neg
3174,pos
3175,neg
3176,pos
3177,pos
3178,neg
3179,pos
3180,pos
3181,pos
3182,pos
3183,pos
3184,pos
3185,pos
3186,pos
3187,pos
3188,pos
3189,pos
3190,pos
3191,neg
3192,pos
3193,pos
3194,pos
3195,neg
3196,pos
3197,pos
3198,neg
3199,neg
3200,neg
3201,neg
3202,neg
3203,neg
3204,pos
3205,pos
3206,pos
3207,neg
3208,pos
3209,pos
3210,neg
3211,pos
3212,neg
3213,neg
3214,pos
3215,pos
3216,pos
3217,pos
3218,pos
3219,pos
3220,neg
3221,pos
3222,pos
3223,pos
3224,pos
3225,pos
3226,pos
3227,pos
3228,neg
3229,pos
3230,pos
3231,neg
3232,neg
3233,pos
3234,pos
3235,neg
3236,pos
3237,pos
3238,pos
3239,pos
3240,neg
3241,neg
3242,pos
3243,pos
3244,neg
3245,neg
3246,pos
3247,pos
3248,pos
3249,pos
3250,pos
3251,pos
3252,pos
3253,pos
3254,neg
3255,pos
3256,pos
3257,pos
3258,pos
3259,pos
3260,pos
3261,pos
3262,neg
3263,pos
3264,pos
3265,neg
3266,pos
3267,pos
3268,neg
3269,pos
3270,pos
3271,pos
3272,neg
3273,neg
3274,pos
3275,neg
3276,pos
3277,neg
3278,pos
3279,pos
3280,neg
3281,pos
3282,neg
3283,pos
3284,pos
3285,pos
3286,pos
3287,pos
3288,pos
3289,pos
3290,pos
3291,neg
3292,pos
3293,pos
3294,pos
3295,neg
3296,neg
3297,neg
3298,pos
3299,pos
3300,pos
3301,pos
3302,pos
3303,neg
3304,neg
3305,pos
3306,neg
3307,pos
3308,pos
3309,pos
3310,pos
3311,pos
3312,pos
3313,neg
3314,pos
3315,pos
3316,neg
3317,pos
3318,pos
3319,pos
3320,pos
3321,neg
3322,pos
3323,pos
3324,pos
3325,neg
3326,pos
3327,pos
3328,pos
3329,pos
3330,neg
3331,neg
3332,pos
3333,pos
3334,pos
3335,pos
3336,pos
3337,pos
3338,pos
3339,neg
3340,neg
3341,neg
3342,pos
3343,pos
3344,neg
3345,pos
3346,neg
3347,pos
3348,neg
3349,pos
3350,neg
3351,pos
3352,pos
3353,pos
3354,neg
3355,pos
3356,neg
3357,pos
3358,neg
3359,pos
3360,pos
3361,pos
3362,pos
3363,pos
3364,neg
3365,neg
3366,pos
3367,neg
3368,pos
3369,pos
3370,pos
3371,pos
3372,pos
3373,pos
3374,neg
3375,pos
3376,pos
3377,pos
3378,pos
3379,pos
3380,pos
3381,pos
3382,pos
3383,pos
3384,pos
3385,pos
3386,pos
3387,neg
3388,pos
3389,neg
3390,neg
3391,pos
3392,neg
3393,pos
3394,neg
3395,pos
3396,pos
3397,neg
3398,pos
3399,neg
3400,pos
3401,neg
3402,neg
3403,pos
3404,pos
3405,neg
3406,pos
3407,pos
3408,pos
3409,pos
3410,pos
3411,neg
3412,pos
3413,pos
3414,pos
3415,pos
3416,pos
3417,pos
3418,pos
3419,pos
3420,pos
3421,pos
3422,neg
3423,pos
3424,neg
3425,pos
3426,pos
3427,pos
3428,neg
3429,pos
3430,pos
3431,pos
3432,pos
3433,pos
3434,neg
3435,pos
3436,neg
3437,pos
3438,neg
3439,pos
3440,neg
3441,neg
3442,neg
3443,neg
3444,pos
3445,pos
3446,pos
3447,pos
3448,neg
3449,neg
3450,neg
3451,pos
3452,neg
3453,pos
3454,pos
3455,pos
3456,pos
3457,neg
3458,neg
3459,pos
3460,pos
3461,pos
3462,pos
3463,pos
3464,neg
3465,neg
3466,pos
3467,pos
3468,pos
3469,neg
3470,pos
3471,pos
3472,pos
3473,neg
3474,pos
3475,pos
3476,pos
3477,pos
3478,pos
3479,pos
3480,neg
3481,pos
3482,pos
3483,neg
3484,pos
3485,pos
3486,pos
3487,pos
3488,pos
3489,pos
3490,neg
3491,pos
3492,pos
3493,pos
3494,pos
3495,neg
3496,pos
3497,neg
3498,pos
3499,pos
3500,neg
3501,neg
3502,pos
3503,pos
3504,pos
3505,pos
3506,pos
3507,pos
3508,pos
3509,pos
3510,pos
3511,pos
3512,neg
3513,pos
3514,pos
3515,neg
3516,pos
3517,pos
3518,pos
3519,neg
3520,pos
3521,pos
3522,pos
3523,pos
3524,pos
3525,pos
3526,pos
3527,neg
3528,neg
3529,pos
3530,neg
3531,neg
3532,neg
3533,pos
3534,pos
3535,neg
3536,pos
3537,pos
3538,pos
3539,neg
3540,neg
3541,neg
3542,pos
3543,pos
3544,neg
3545,pos
3546,pos
3547,neg
3548,pos
3549,pos
3550,pos
3551,neg
3552,pos
3553,neg
3554,pos
3555,pos
3556,pos
3557,pos
3558,neg
3559,pos
3560,pos
3561,pos
3562,pos
3563,neg
3564,pos
3565,neg
3566,neg
3567,neg
3568,pos
3569,pos
3570,neg
3571,neg
3572,pos
3573,neg
3574,pos
3575,pos
3576,pos
3577,pos
3578,pos
3579,neg
3580,pos
3581,pos
3582,pos
3583,pos
3584,pos
3585,pos
3586,pos
3587,neg
3588,pos
3589,neg
3590,pos
3591,neg
3592,neg
3593,pos
3594,pos
3595,neg
3596,pos
3597,neg
3598,pos
3599,pos
3600,pos
3601,neg
3602,pos
3603,pos
3604,neg
3605,pos
3606,neg
3607,pos
3608,pos
3609,pos
3610,pos
3611,neg
3612,pos
3613,pos
3614,neg
3615,neg
3616,pos
3617,neg
3618,neg
3619,pos
3620,neg
3621,pos
3622,pos
3623,neg
3624,pos
3625,pos
3626,pos
3627,pos
3628,neg
3629,pos
3630,pos
3631,pos
3632,pos
3633,pos
3634,neg
3635,neg
3636,pos
3637,pos
3638,neg
3639,neg
3640,pos
3641,pos
3642,neg
3643,pos
3644,pos
3645,neg
3646,neg
3647,neg
3648,pos
3649,pos
3650,pos
3651,pos
3652,neg
3653,pos
3654,pos
3655,pos
3656,pos
3657,neg
3658,pos
3659,pos
3660,pos
3661,pos
3662,pos
3663,pos
3664,pos
3665,neg
3666,neg
3667,pos
3668,neg
3669,pos
3670,pos
3671,pos
3672,pos
3673,neg
3674,pos
3675,pos
3676,pos
3677,pos
3678,neg
3679,pos
3680,pos
3681,neg
3682,pos
3683,pos
3684,pos
3685,pos
3686,pos
3687,neg
3688,pos
3689,neg
3690,pos
3691,pos
3692,pos
3693,neg
3694,pos
3695,pos
3696,pos
3697,pos
3698,neg
3699,neg
3700,pos
3701,pos
3702,pos
3703,pos
3704,pos
3705,neg
3706,pos
3707,pos
3708,pos
3709,pos
3710,neg
3711,pos
3712,neg
3713,pos
3714,pos
3715,neg
3716,pos
3717,neg
3718,pos
3719,pos
3720,pos
3721,pos
3722,pos
3723,pos
3724,neg
3725,neg
3726,pos
3727,pos
3728,pos
3729,pos
3730,pos
3731,neg
3732,pos
3733,pos
3734,neg
3735,pos
3736,pos
3737,pos
3738,pos
3739,neg
3740,neg
3741,neg
3742,pos
3743,pos
3744,pos
3745,pos
3746,neg
3747,neg
3748,neg
3749,neg
3750,pos
3751,pos
3752,pos
3753,pos
3754,pos
3755,pos
3756,neg
3757,pos
3758,pos
3759,neg
3760,neg
3761,pos
3762,pos
3763,pos
3764,pos
3765,neg
3766,pos
3767,neg
3768,pos
3769,pos
3770,pos
3771,pos
3772,neg
3773,neg
3774,pos
3775,pos
3776,neg
3777,pos
3778,pos
3779,pos
3780,pos
3781,neg
3782,neg
3783,pos
3784,pos
3785,pos
3786,pos
3787,pos
3788,neg
3789,neg
3790,pos
3791,neg
3792,pos
3793,pos
3794,pos
3795,pos
3796,pos
3797,pos
3798,pos
3799,pos
3800,pos
3801,pos
3802,neg
3803,pos
3804,pos
3805,pos
3806,pos
3807,neg
3808,pos
3809,pos
3810,neg
3811,pos
3812,neg
3813,pos
3814,neg
3815,neg
3816,pos
3817,pos
3818,pos
3819,pos
3820,pos
3821,neg
3822,neg
3823,pos
3824,pos
3825,pos
3826,neg
3827,pos
3828,pos
3829,neg
3830,pos
3831,pos
3832,neg
3833,pos
3834,neg
3835,neg
3836,neg
3837,pos
3838,pos
3839,pos
3840,pos
3841,pos
3842,pos
3843,pos
3844,pos
3845,pos
3846,pos
3847,neg
3848,pos
3849,pos
3850,neg
3851,pos
3852,neg
3853,neg
3854,neg
3855,pos
3856,pos
3857,neg
3858,pos
3859,pos
3860,pos
3861,neg
3862,pos
3863,pos
3864,pos
3865,pos
3866,pos
3867,neg
3868,pos
3869,neg
3870,neg
3871,pos
3872,pos
3873,pos
3874,neg
3875,pos
3876,neg
3877,pos
3878,pos
3879,pos
3880,neg
3881,neg
3882,neg
3883,pos
3884,pos
3885,pos
3886,pos
3887,pos
3888,neg
3889,pos
3890,pos
3891,pos
3892,pos
3893,pos
3894,neg
3895,pos
3896,pos
3897,pos
3898,pos
3899,pos
3900,pos
3901,pos
3902,pos
3903,pos
3904,pos
3905,pos
3906,pos
3907,pos
3908,pos
3909,pos
3910,neg
3911,pos
3912,neg
3913,neg
3914,pos
3915,neg
3916,pos
3917,pos
3918,pos
3919,pos
3920,pos
3921,pos
3922,pos
3923,neg
3924,pos
3925,neg
3926,neg
3927,pos
3928,neg
3929,neg
3930,pos
3931,pos
3932,pos
3933,pos
3934,pos
3935,pos
3936,neg
3937,pos
3938,neg
3939,pos
3940,pos
3941,pos
3942,pos
3943,pos
3944,pos
3945,pos
3946,pos
3947,neg
3948,neg
3949,pos
3950,pos
3951,pos
3952,pos
3953,neg
3954,pos
3955,pos
3956,neg
3957,pos
3958,neg
3959,pos
3960,pos
3961,pos
3962,pos
3963,pos
3964,neg
3965,pos
3966,neg
3967,pos
3968,pos
3969,pos
3970,pos
3971,pos
3972,pos
3973,pos
3974,pos
3975,pos
3976,neg
3977,pos
3978,pos
3979,pos
3980,pos
3981,neg
3982,pos
3983,pos
3984,neg
3985,neg
3986,pos
3987,pos
3988,pos
3989,pos
3990,pos
3991,neg
3992,pos
3993,pos
3994,neg
3995,pos
3996,pos
3997,neg
3998,pos
3999,pos
4000,pos
4001,pos
4002,pos
4003,pos
4004,neg
4005,pos
4006,pos
4007,pos
4008,pos
4009,pos
4010,pos
4011,pos
4012,pos
4013,neg
4014,pos
4015,pos
4016,neg
4017,pos
4018,pos
4019,pos
4020,pos
4021,pos
4022,neg
4023,neg
4024,neg
4025,pos
4026,pos
4027,neg
4028,pos
4029,neg
4030,pos
4031,pos
4032,pos
4033,neg
4034,neg
4035,pos
4036,pos
4037,pos
4038,pos
4039,pos
4040,pos
4041,neg
4042,pos
4043,neg
4044,neg
4045,neg
4046,pos
4047,neg
4048,neg
4049,neg
4050,pos
4051,pos
4052,pos
4053,neg
4054,pos
4055,pos
4056,pos
4057,pos
4058,neg
4059,pos
4060,pos
4061,neg
4062,pos
4063,neg
4064,neg
4065,pos
4066,neg
4067,pos
4068,neg
4069,neg
4070,pos
4071,pos
4072,pos
4073,neg
4074,pos
4075,pos
4076,pos
4077,pos
4078,neg
4079,pos
4080,neg
4081,neg
4082,pos
4083,pos
4084,neg
4085,neg
4086,pos
4087,pos
4088,pos
4089,pos
4090,pos
4091,neg
4092,pos
4093,pos
4094,pos
4095,pos
4096,pos
4097,pos
4098,pos
4099,neg
4100,neg
4101,pos
4102,pos
4103,pos
4104,neg
4105,neg
4106,pos
4107,pos
4108,pos
4109,neg
4110,pos
4111,neg
4112,pos
4113,neg
4114,neg
4115,pos
4116,pos
4117,pos
4118,neg
4119,pos
4120,neg
4121,pos
4122,pos
4123,neg
4124,pos
4125,pos
4126,pos
4127,pos
4128,pos
4129,neg
4130,pos
4131,pos
4132,pos
4133,pos
4134,pos
4135,neg
4136,pos
4137,pos
4138,neg
4139,pos
4140,neg
4141,neg
4142,pos
4143,pos
4144,neg
4145,neg
4146,pos
4147,pos
4148,neg
4149,neg
4150,neg
4151,pos
4152,neg
4153,pos
4154,neg
4155,neg
4156,neg
4157,neg
4158,neg
4159,pos
4160,pos
4161,neg
4162,neg
4163,pos
4164,neg
4165,neg
4166,pos
4167,pos
4168,pos
4169,neg
4170,pos
4171,neg
4172,neg
4173,neg
4174,pos
4175,pos
4176,pos
4177,neg
4178,neg
4179,pos
4180,pos
4181,neg
4182,pos
4183,pos
4184,neg
4185,pos
4186,neg
4187,pos
4188,pos
4189,neg
4190,pos
4191,pos
4192,pos
4193,pos
4194,pos
4195,pos
4196,pos
4197,pos
4198,pos
4199,pos
4200,pos
4201,pos
4202,pos
4203,pos
4204,pos
4205,neg
4206,pos
4207,neg
4208,pos
4209,pos
4210,neg
4211,neg
4212,pos
4213,pos
4214,neg
4215,pos
4216,pos
4217,pos
4218,pos
4219,pos
4220,pos
4221,pos
4222,pos
4223,pos
4224,neg
4225,neg
4226,neg
4227,pos
4228,neg
4229,pos
4230,neg
4231,pos
4232,neg
4233,neg
4234,pos
4235,neg
4236,pos
4237,neg
4238,pos
4239,neg
4240,pos
4241,pos
4242,pos
4243,pos
4244,neg
4245,pos
4246,pos
4247,pos
4248,pos
4249,neg
4250,pos
4251,pos
4252,neg
4253,neg
4254,pos
4255,pos
4256,pos
4257,pos
4258,pos
4259,pos
4260,pos
4261,pos
4262,neg
4263,pos
4264,pos
4265,pos
4266,pos
4267,neg
4268,pos
4269,pos
4270,pos
4271,pos
4272,pos
4273,pos
4274,pos
4275,pos
4276,neg
4277,pos
4278,pos
4279,neg
4280,neg
4281,pos
4282,pos
4283,pos
4284,pos
4285,pos
4286,pos
4287,pos
4288,pos
4289,pos
4290,neg
4291,pos
4292,pos
4293,pos
4294,pos
4295,pos
4296,pos
4297,pos
4298,pos
4299,pos
4300,neg
4301,neg
4302,neg
4303,neg
4304,neg
4305,neg
4306,pos
4307,neg
4308,pos
4309,pos
4310,pos
4311,pos
4312,neg
4313,pos
4314,pos
4315,pos
4316,pos
4317,pos
4318,neg
4319,pos
4320,pos
4321,pos
4322,pos
4323,pos
4324,pos
4325,pos
4326,neg
4327,pos
4328,pos
4329,pos
4330,neg
4331,neg
4332,pos
4333,pos
4334,pos
4335,neg
4336,pos
4337,pos
4338,pos
4339,pos
4340,pos
4341,pos
4342,neg
4343,pos
4344,pos
4345,neg
4346,pos
4347,pos
4348,neg
4349,neg
4350,pos
4351,neg
4352,pos
4353,pos
4354,neg
4355,pos
4356,pos
4357,neg
4358,pos
4359,neg
4360,pos
4361,pos
4362,pos
4363,pos
4364,pos
4365,neg
4366,neg
4367,neg
4368,neg
4369,pos
4370,pos
4371,pos
4372,neg
4373,pos
4374,pos
4375,pos
4376,pos
4377,pos
4378,pos
4379,neg
4380,pos
4381,pos
4382,neg
4383,pos
4384,pos
4385,pos
4386,neg
4387,pos
4388,pos
4389,pos
4390,neg
4391,pos
4392,neg
4393,pos
4394,pos
4395,pos
4396,pos
4397,pos
4398,neg
4399,pos
4400,pos
4401,pos
4402,pos
4403,pos
4404,pos
4405,pos
4406,pos
4407,pos
4408,pos
4409,pos
4410,pos
4411,neg
4412,neg
4413,neg
4414,neg
4415,neg
4416,pos
4417,pos
4418,neg
4419,neg
4420,pos
4421,pos
4422,pos
4423,pos
4424,neg
4425,pos
4426,pos
4427,neg
4428,pos
4429,pos
4430,neg
4431,pos
4432,neg
4433,neg
4434,neg
4435,neg
4436,neg
4437,pos
4438,pos
4439,pos
4440,neg
4441,neg
4442,neg
4443,pos
4444,pos
4445,pos
4446,pos
4447,neg
4448,pos
4449,pos
4450,pos
4451,pos
4452,pos
4453,pos
4454,pos
4455,neg
4456,pos
4457,pos
4458,neg
4459,neg
4460,neg
4461,pos
4462,pos
4463,pos
4464,pos
4465,neg
4466,pos
4467,pos
4468,neg
4469,pos
4470,pos
4471,pos
4472,neg
4473,pos
4474,pos
4475,neg
4476,pos
4477,pos
4478,pos
4479,pos
4480,neg
4481,neg
4482,pos
4483,pos
4484,pos
4485,pos
4486,pos
4487,pos
4488,neg
4489,pos
4490,neg
4491,pos
4492,pos
4493,pos
4494,neg
4495,pos
4496,pos
4497,neg
4498,pos
4499,pos
4500,neg
4501,pos
4502,neg
4503,pos
4504,neg
4505,neg
4506,pos
4507,neg
4508,neg
4509,pos
4510,pos
4511,neg
4512,pos
4513,neg
4514,pos
4515,pos
4516,pos
4517,neg
4518,pos
4519,pos
4520,neg
4521,pos
4522,pos
4523,pos
4524,pos
4525,neg
4526,neg
4527,pos
4528,neg
4529,pos
4530,pos
4531,pos
4532,neg
4533,pos
4534,neg
4535,pos
4536,pos
4537,neg
4538,pos
4539,pos
4540,pos
4541,pos
4542,neg
4543,neg
4544,pos
4545,neg
4546,pos
4547,pos
4548,pos
4549,pos
4550,pos
4551,pos
4552,pos
4553,pos
4554,pos
4555,pos
4556,neg
4557,neg
4558,neg
4559,pos
4560,pos
4561,pos
4562,neg
4563,neg
4564,neg
4565,pos
4566,pos
4567,neg
4568,pos
4569,neg
4570,neg
4571,pos
4572,neg
4573,pos
4574,pos
4575,neg
4576,neg
4577,neg
4578,pos
4579,neg
4580,pos
4581,pos
4582,pos
4583,neg
4584,neg
4585,pos
4586,pos
4587,neg
4588,neg
4589,pos
4590,neg
4591,neg
4592,pos
4593,pos
4594,pos
4595,pos
4596,neg
4597,neg
4598,pos
4599,neg
4600,pos
4601,neg
4602,neg
4603,pos
4604,neg
4605,pos
4606,pos
4607,pos
4608,pos
4609,pos
4610,neg
4611,pos
4612,neg
4613,pos
4614,neg
4615,neg
4616,pos
4617,neg
4618,neg
4619,pos
4620,pos
4621,pos
4622,pos
4623,pos
4624,pos
4625,pos
4626,neg
4627,neg
4628,pos
4629,neg
4630,pos
4631,neg
4632,pos
4633,pos
4634,pos
4635,pos
4636,pos
4637,neg
4638,neg
4639,neg
4640,neg
4641,pos
4642,pos
4643,pos
4644,pos
4645,pos
4646,pos
4647,pos
4648,neg
4649,pos
4650,pos
4651,neg
4652,neg
4653,pos
4654,pos
4655,neg
4656,pos
4657,pos
4658,pos
4659,pos
4660,neg
4661,pos
4662,neg
4663,pos
4664,pos
4665,pos
4666,neg
4667,pos
4668,pos
4669,pos
4670,pos
4671,neg
4672,pos
4673,pos
4674,pos
4675,pos
4676,neg
4677,pos
4678,neg
4679,pos
4680,pos
4681,neg
4682,pos
4683,neg
4684,neg
4685,neg
4686,neg
4687,pos
4688,neg
4689,neg
4690,pos
4691,pos
4692,pos
4693,pos
4694,pos
4695,pos
4696,pos
4697,neg
4698,pos
4699,pos
4700,neg
4701,pos
4702,pos
4703,pos
4704,pos
4705,neg
4706,pos
4707,pos
4708,pos
4709,pos
4710,neg
4711,pos
4712,neg
4713,neg
4714,pos
4715,pos
4716,pos
4717,pos
4718,pos
4719,pos
4720,pos
4721,pos
4722,neg
4723,pos
4724,neg
4725,pos
4726,pos
4727,pos
4728,pos
4729,pos
4730,pos
4731,pos
4732,pos
4733,pos
4734,pos
4735,pos
4736,pos
4737,pos
4738,pos
4739,pos
4740,neg
4741,pos
4742,pos
4743,neg
4744,neg
4745,pos
4746,pos
4747,pos
4748,neg
4749,pos
4750,pos
4751,neg
4752,neg
4753,pos
4754,neg
4755,pos
4756,pos
4757,pos
4758,pos
4759,pos
4760,pos
4761,pos
4762,pos
4763,pos
4764,pos
4765,neg
4766,pos
4767,neg
4768,neg
4769,pos
4770,neg
4771,neg
4772,pos
4773,neg
4774,pos
4775,pos
4776,neg
4777,neg
4778,pos
4779,pos
4780,pos
4781,neg
4782,pos
4783,pos
4784,pos
4785,pos
4786,pos
4787,pos
4788,pos
4789,neg
4790,neg
4791,pos
4792,pos
4793,pos
4794,pos
4795,pos
4796,pos
4797,neg
4798,pos
4799,neg
4800,pos
4801,pos
4802,neg
4803,pos
4804,neg
4805,pos
4806,pos
4807,pos
4808,neg
4809,neg
4810,neg
4811,pos
4812,pos
4813,pos
4814,neg
4815,pos
4816,neg
4817,pos
4818,neg
4819,pos
4820,neg
4821,pos
4822,pos
4823,pos
4824,pos
4825,neg
4826,neg
4827,neg
4828,pos
4829,neg
4830,neg
4831,pos
4832,pos
4833,pos
4834,pos
4835,pos
4836,pos
4837,pos
4838,neg
4839,pos
4840,neg
4841,pos
4842,neg
4843,pos
4844,pos
4845,pos
4846,pos
4847,neg
4848,pos
4849,neg
4850,pos
4851,pos
4852,neg
4853,neg
4854,pos
4855,pos
4856,pos
4857,pos
4858,pos
4859,neg
4860,pos
4861,pos
4862,pos
4863,pos
4864,pos
4865,pos
4866,pos
4867,pos
4868,pos
4869,pos
4870,neg
4871,neg
4872,neg
4873,pos
4874,neg
4875,pos
4876,pos
4877,neg
4878,pos
4879,neg
4880,pos
4881,pos
4882,pos
4883,pos
4884,pos
4885,pos
4886,pos
4887,pos
4888,pos
4889,pos
4890,pos
4891,neg
4892,pos
4893,pos
4894,pos
4895,pos
4896,pos
4897,pos
4898,pos
4899,pos
4900,pos
4901,neg
4902,neg
4903,pos
4904,pos
4905,neg
4906,pos
4907,neg
4908,pos
4909,pos
4910,neg
4911,neg
4912,neg
4913,pos
4914,pos
4915,pos
4916,pos
4917,pos
4918,pos
4919,pos
4920,neg
4921,pos
4922,neg
4923,pos
4924,pos
4925,pos
4926,neg
4927,pos
4928,neg
4929,pos
4930,pos
4931,pos
4932,pos
4933,pos
4934,neg
4935,pos
4936,pos
4937,neg
4938,pos
4939,pos
4940,pos
4941,pos
4942,neg
4943,pos
4944,neg
4945,pos
4946,neg
4947,pos
4948,pos
4949,pos
4950,neg
4951,neg
4952,pos
4953,pos
4954,pos
4955,neg
4956,pos
4957,neg
4958,neg
4959,pos
4960,neg
4961,neg
4962,pos
4963,pos
4964,pos
4965,pos
4966,pos
4967,pos
4968,pos
4969,pos
4970,pos
4971,pos
4972,pos
4973,pos
4974,pos
4975,pos
4976,pos
4977,pos
4978,pos
4979,neg
4980,pos
4981,pos
4982,pos
4983,pos
4984,pos
4985,pos
4986,pos
4987,neg
4988,neg
4989,pos
4990,pos
4991,neg
4992,neg
4993,pos
4994,pos
4995,pos
4996,pos
4997,neg
4998,neg
4999,neg
5000,neg
5001,neg
5002,pos
5003,neg
5004,pos
5005,pos
5006,neg
5007,pos
5008,pos
5009,pos
5010,pos
5011,pos
5012,neg
5013,pos
5014,pos
5015,pos
5016,pos
5017,pos
5018,neg
5019,pos
5020,pos
5021,pos
5022,neg
5023,neg
5024,neg
5025,neg
5026,neg
5027,pos
5028,pos
5029,pos
5030,pos
5031,pos
5032,pos
5033,pos
5034,pos
5035,pos
5036,pos
5037,pos
5038,pos
5039,neg
5040,neg
5041,pos
5042,pos
5043,pos
5044,neg
5045,pos
5046,pos
5047,pos
5048,pos
5049,pos
5050,pos
5051,neg
5052,pos
5053,pos
5054,neg
5055,neg
5056,pos
5057,pos
5058,neg
5059,pos
5060,neg
5061,pos
5062,pos
5063,pos
5064,pos
5065,neg
5066,neg
5067,pos
5068,pos
5069,pos
5070,pos
5071,pos
5072,pos
5073,pos
5074,pos
5075,neg
5076,pos
5077,neg
5078,pos
5079,pos
5080,pos
5081,pos
5082,neg
5083,pos
5084,pos
5085,neg
5086,pos
5087,pos
5088,pos
5089,pos
5090,pos
5091,pos
5092,neg
5093,pos
5094,pos
5095,pos
5096,neg
5097,neg
5098,pos
5099,neg
5100,neg
5101,neg
5102,pos
5103,pos
5104,pos
5105,neg
5106,pos
5107,pos
5108,pos
5109,neg
5110,pos
5111,neg
5112,pos
5113,pos
5114,pos
5115,pos
5116,neg
5117,pos
5118,pos
5119,neg
5120,neg
5121,neg
5122,neg
5123,pos
5124,neg
5125,pos
5126,pos
5127,pos
5128,pos
5129,pos
5130,pos
5131,neg
5132,neg
5133,neg
5134,pos
5135,pos
5136,pos
5137,pos
5138,pos
5139,neg
5140,pos
5141,pos
5142,pos
5143,pos
5144,pos
5145,neg
5146,pos
5147,pos
5148,pos
5149,pos
5150,pos
5151,pos
5152,pos
5153,pos
5154,pos
5155,pos
5156,neg
5157,pos
5158,neg
5159,pos
5160,neg
5161,neg
5162,pos
5163,pos
5164,pos
5165,pos
5166,neg
5167,pos
5168,pos
5169,neg
5170,neg
5171,pos
5172,pos
5173,pos
5174,pos
5175,pos
5176,pos
5177,pos
5178,pos
5179,pos
5180,neg
5181,pos
5182,neg
5183,pos
5184,pos
5185,neg
5186,neg
5187,pos
5188,pos
5189,neg
5190,neg
5191,pos
5192,pos
5193,neg
5194,neg
5195,neg
5196,pos
5197,pos
5198,pos
5199,pos
5200,pos
5201,pos
5202,pos
5203,pos
5204,pos
5205,neg
5206,pos
5207,neg
5208,neg
5209,pos
5210,pos
5211,pos
5212,pos
5213,pos
5214,pos
5215,pos
5216,neg
5217,pos
5218,neg
5219,pos
5220,pos
5221,pos
5222,pos
5223,pos
5224,pos
5225,neg
5226,pos
5227,pos
5228,pos
5229,pos
5230,neg
5231,pos
5232,neg
5233,pos
5234,pos
5235,pos
5236,pos
5237,neg
5238,pos
5239,pos
5240,neg
5241,neg
5242,neg
5243,pos
5244,pos
5245,neg
5246,pos
5247,pos
5248,pos
5249,pos
5250,neg
5251,pos
5252,neg
5253,neg
5254,pos
5255,pos
5256,pos
5257,neg
5258,pos
5259,pos
5260,pos
5261,pos
5262,pos
5263,pos
5264,neg
5265,pos
5266,neg
5267,neg
5268,pos
5269,pos
5270,pos
5271,pos
5272,neg
5273,pos
5274,pos
5275,pos
5276,neg
5277,neg
5278,neg
5279,pos
5280,pos
5281,pos
5282,neg
5283,pos
5284,pos
5285,pos
5286,pos
5287,pos
5288,pos
5289,pos
5290,pos
5291,neg
5292,pos
5293,pos
5294,neg
5295,neg
5296,neg
5297,neg
5298,pos
5299,pos
5300,neg
5301,pos
5302,pos
5303,pos
5304,pos
5305,pos
5306,pos
5307,pos
5308,pos
5309,neg
5310,pos
5311,pos
5312,neg
5313,pos
5314,neg
5315,neg
5316,pos
5317,neg
5318,pos
5319,pos
5320,pos
5321,pos
5322,neg
5323,pos
5324,neg
5325,pos
5326,neg
5327,pos
5328,neg
5329,pos
5330,neg
5331,pos
5332,pos
5333,pos
5334,pos
5335,neg
5336,pos
5337,pos
5338,pos
5339,neg
5340,neg
5341,pos
5342,neg
5343,pos
5344,pos
5345,pos
5346,pos
5347,pos
5348,pos
5349,pos
5350,neg
5351,neg
5352,pos
5353,pos
5354,pos
5355,pos
5356,pos
5357,pos
5358,neg
5359,neg
5360,pos
5361,neg
5362,neg
5363,pos
5364,neg
5365,pos
5366,neg
5367,pos
5368,neg
5369,pos
5370,neg
5371,pos
5372,neg
5373,pos
5374,neg
5375,pos
5376,neg
5377,neg
5378,neg
5379,neg
5380,pos
5381,neg
5382,neg
5383,pos
5384,pos
5385,pos
5386,pos
5387,pos
5388,pos
5389,pos
5390,pos
5391,neg
5392,pos
5393,neg
5394,pos
5395,neg
5396,pos
5397,neg
5398,pos
5399,pos
5400,pos
5401,pos
5402,pos
5403,pos
5404,pos
5405,neg
5406,pos
5407,pos
5408,pos
5409,pos
5410,neg
5411,pos
5412,neg
5413,neg
5414,pos
5415,neg
5416,pos
5417,pos
5418,pos
5419,pos
5420,pos
5421,neg
5422,pos
5423,pos
5424,neg
5425,pos
5426,neg
5427,pos
5428,neg
5429,neg
5430,pos
5431,neg
5432,pos
5433,pos
5434,pos
5435,neg
5436,neg
5437,pos
5438,pos
5439,pos
5440,pos
5441,neg
5442,pos
5443,neg
5444,pos
5445,pos
5446,pos
5447,neg
5448,pos
5449,pos
5450,neg
5451,pos
5452,pos
5453,pos
5454,pos
5455,pos
5456,pos
5457,pos
5458,pos
5459,pos
5460,neg
5461,pos
5462,pos
5463,neg
5464,pos
5465,pos
5466,pos
5467,pos
5468,neg
5469,neg
5470,neg
5471,neg
5472,pos
5473,pos
5474,pos
5475,pos
5476,pos
5477,neg
5478,pos
5479,pos
5480,pos
5481,pos
5482,pos
5483,neg
5484,pos
5485,neg
5486,pos
5487,pos
5488,pos
5489,neg
5490,neg
5491,pos
5492,pos
5493,neg
5494,pos
5495,neg
5496,pos
5497,neg
5498,neg
5499,pos
5500,neg
5501,pos
5502,pos
5503,pos
5504,pos
5505,neg
5506,neg
5507,pos
5508,neg
5509,pos
5510,pos
5511,neg
5512,pos
5513,pos
5514,neg
5515,neg
5516,neg
5517,pos
5518,pos
5519,pos
5520,pos
5521,neg
5522,pos
5523,neg
5524,pos
5525,pos
5526,pos
5527,pos
5528,pos
5529,neg
5530,pos
5531,pos
5532,pos
5533,neg
5534,pos
5535,pos
5536,neg
5537,pos
5538,neg
5539,pos
5540,pos
5541,pos
5542,neg
5543,pos
5544,pos
5545,pos
5546,neg
5547,pos
5548,neg
5549,pos
5550,pos
5551,neg
5552,neg
5553,pos
5554,pos
5555,pos
5556,pos
5557,neg
5558,pos
5559,neg
5560,pos
5561,neg
5562,pos
5563,pos
5564,pos
5565,neg
5566,pos
5567,pos
5568,neg
5569,pos
5570,pos
5571,neg
5572,pos
5573,pos
5574,pos
5575,pos
5576,pos
5577,neg
5578,pos
5579,neg
5580,neg
5581,pos
5582,pos
5583,neg
5584,neg
5585,neg
5586,pos
5587,pos
5588,neg
5589,pos
5590,pos
5591,pos
5592,pos
5593,pos
5594,pos
5595,pos
5596,pos
5597,pos
5598,pos
5599,pos
5600,pos
5601,pos
5602,pos
5603,neg
5604,pos
5605,pos
5606,neg
5607,pos
5608,pos
5609,neg
5610,neg
5611,pos
5612,neg
5613,pos
5614,pos
5615,neg
5616,pos
5617,pos
5618,pos
5619,pos
5620,pos
5621,neg
5622,pos
5623,pos
5624,pos
5625,pos
5626,neg
5627,neg
5628,neg
5629,pos
5630,pos
5631,pos
5632,neg
5633,pos
5634,pos
5635,pos
5636,neg
5637,neg
5638,pos
5639,pos
5640,pos
5641,pos
5642,pos
5643,pos
5644,pos
5645,pos
5646,pos
5647,pos
5648,pos
5649,pos
5650,neg
5651,pos
5652,pos
5653,pos
5654,neg
5655,pos
5656,neg
5657,pos
5658,neg
5659,neg
5660,pos
5661,pos
5662,pos
5663,pos
5664,neg
5665,neg
5666,pos
5667,pos
5668,neg
5669,pos
5670,pos
5671,neg
5672,pos
5673,pos
5674,pos
5675,neg
5676,pos
5677,pos
5678,pos
5679,pos
5680,pos
5681,pos
5682,pos
5683,pos
5684,neg
5685,pos
5686,pos
5687,pos
5688,pos
5689,neg
5690,pos
5691,pos
5692,pos
5693,pos
5694,pos
5695,pos
5696,pos
5697,pos
5698,pos
5699,pos
5700,neg
5701,pos
5702,pos
5703,pos
5704,neg
5705,pos
5706,pos
5707,neg
5708,neg
5709,pos
5710,neg
5711,pos
5712,pos
5713,pos
5714,pos
5715,pos
5716,pos
5717,pos
5718,neg
5719,neg
5720,neg
5721,pos
5722,pos
5723,pos
5724,neg
5725,pos
5726,neg
5727,neg
5728,neg
5729,pos
5730,pos
5731,pos
5732,pos
5733,pos
5734,pos
5735,pos
5736,pos
5737,neg
5738,pos
5739,pos
5740,neg
5741,pos
5742,pos
5743,pos
5744,pos
5745,pos
5746,neg
5747,pos
5748,neg
5749,pos
5750,neg
5751,neg
5752,neg
5753,pos
5754,pos
5755,neg
5756,pos
5757,pos
5758,pos
5759,pos
5760,pos
5761,neg
5762,neg
5763,neg
5764,pos
5765,pos
5766,pos
5767,pos
5768,neg
5769,pos
5770,neg
5771,pos
5772,neg
5773,pos
5774,pos
5775,neg
5776,pos
5777,pos
5778,pos
5779,pos
5780,pos
5781,pos
5782,pos
5783,pos
5784,pos
5785,neg
5786,neg
5787,pos
5788,neg
5789,pos
5790,pos
5791,pos
5792,pos
5793,neg
5794,pos
5795,neg
5796,pos
5797,pos
5798,pos
5799,pos
5800,neg
5801,pos
5802,pos
5803,pos
5804,pos
5805,neg
5806,neg
5807,neg
5808,pos
5809,neg
5810,pos
5811,pos
5812,neg
5813,pos
5814,neg
5815,neg
5816,pos
5817,neg
5818,neg
5819,neg
5820,neg
5821,pos
5822,pos
5823,pos
5824,neg
5825,pos
5826,pos
5827,pos
5828,neg
5829,pos
5830,neg
5831,pos
5832,pos
5833,neg
5834,pos
5835,neg
5836,pos
5837,pos
5838,pos
5839,neg
5840,pos
5841,pos
5842,pos
5843,neg
5844,pos
5845,neg
5846,pos
5847,pos
5848,pos
5849,pos
5850,neg
5851,neg
5852,pos
5853,neg
5854,pos
5855,neg
5856,neg
5857,pos
5858,pos
5859,neg
5860,pos
5861,neg
5862,pos
5863,pos
5864,pos
5865,neg
5866,pos
5867,pos
5868,pos
5869,pos
5870,neg
5871,pos
5872,pos
5873,pos
5874,neg
5875,pos
5876,pos
5877,pos
5878,pos
5879,pos
5880,pos
5881,neg
5882,pos
5883,neg
5884,pos
5885,neg
5886,pos
5887,pos
5888,pos
5889,pos
5890,pos
5891,pos
5892,neg
5893,pos
5894,pos
5895,pos
5896,pos
5897,pos
5898,pos
5899,pos
5900,pos
5901,pos
5902,pos
5903,neg
5904,pos
5905,pos
5906,pos
5907,neg
5908,pos
5909,neg
5910,neg
5911,neg
5912,pos
5913,neg
5914,neg
5915,pos
5916,pos
5917,pos
5918,pos
5919,pos
5920,pos
5921,pos
5922,pos
5923,neg
5924,pos
5925,pos
5926,pos
5927,neg
5928,pos
5929,neg
5930,pos
5931,neg
5932,neg
5933,pos
5934,pos
5935,pos
5936,pos
5937,pos
5938,pos
5939,neg
5940,neg
5941,pos
5942,pos
5943,neg
5944,neg
5945,pos
5946,pos
5947,neg
5948,neg
5949,pos
5950,pos
5951,pos
5952,pos
5953,pos
5954,pos
5955,pos
5956,pos
5957,pos
5958,pos
5959,pos
5960,neg
5961,pos
5962,pos
5963,neg
5964,neg
5965,pos
5966,pos
5967,pos
5968,neg
5969,pos
5970,neg
5971,pos
5972,neg
5973,pos
5974,pos
5975,pos
5976,pos
5977,pos
5978,pos
5979,pos
5980,pos
5981,pos
5982,pos
5983,neg
5984,neg
5985,pos
5986,pos
5987,pos
5988,pos
5989,pos
5990,neg
5991,pos
5992,pos
5993,pos
5994,pos
5995,pos
5996,pos
5997,pos
5998,pos
5999,neg
6000,neg
6001,neg
6002,pos
6003,pos
6004,neg
6005,neg
6006,pos
6007,pos
6008,pos
6009,pos
6010,neg
6011,pos
6012,pos
6013,neg
6014,neg
6015,neg
6016,pos
6017,neg
6018,neg
6019,pos
6020,pos
6021,pos
6022,neg
6023,pos
6024,pos
6025,neg
6026,pos
6027,pos
6028,pos
6029,pos
6030,pos
6031,pos
6032,pos
6033,pos
6034,pos
6035,neg
6036,pos
6037,pos
6038,pos
6039,neg
6040,neg
6041,neg
6042,pos
6043,neg
6044,neg
6045,neg
6046,pos
6047,pos
6048,pos
6049,pos
6050,pos
6051,pos
6052,pos
6053,pos
6054,pos
6055,pos
6056,pos
6057,pos
6058,neg
6059,pos
6060,pos
6061,pos
6062,pos
6063,pos
6064,neg
6065,pos
6066,pos
6067,pos
6068,pos
6069,pos
6070,pos
6071,neg
6072,pos
6073,pos
6074,neg
6075,neg
6076,neg
6077,pos
6078,pos
6079,pos
6080,neg
6081,pos
6082,pos
6083,pos
6084,neg
6085,pos
6086,pos
6087,neg
6088,pos
6089,pos
6090,pos
6091,pos
6092,pos
6093,pos
6094,neg
6095,pos
6096,neg
6097,pos
6098,neg
6099,pos
6100,pos
6101,pos
6102,pos
6103,pos
6104,neg
6105,pos
6106,pos
6107,pos
6108,neg
6109,pos
6110,pos
6111,pos
6112,pos
6113,pos
6114,pos
6115,neg
6116,pos
6117,pos
6118,pos
6119,pos
6120,pos
6121,neg
6122,neg
6123,pos
6124,neg
6125,neg
6126,pos
6127,neg
6128,pos
6129,pos
6130,pos
6131,neg
6132,pos
6133,pos
6134,pos
6135,pos
6136,neg
6137,pos
6138,pos
6139,pos
6140,neg
6141,pos
6142,neg
6143,neg
6144,neg
6145,pos
6146,neg
6147,pos
6148,neg
6149,pos
6150,neg
6151,neg
6152,neg
6153,pos
6154,neg
6155,pos
6156,pos
6157,pos
6158,pos
6159,pos
6160,pos
6161,pos
6162,neg
6163,pos
6164,neg
6165,neg
6166,neg
6167,pos
6168,pos
6169,neg
6170,pos
6171,pos
6172,pos
6173,neg
6174,pos
6175,pos
6176,pos
6177,pos
6178,pos
6179,pos
6180,pos
6181,neg
6182,pos
6183,neg
6184,pos
6185,pos
6186,pos
6187,neg
6188,neg
6189,neg
6190,pos
6191,pos
6192,pos
6193,neg
6194,neg
6195,neg
6196,neg
6197,neg
6198,pos
6199,neg
6200,pos
6201,pos
6202,neg
6203,neg
6204,neg
6205,neg
6206,pos
6207,pos
6208,neg
6209,pos
6210,pos
6211,neg
6212,pos
6213,pos
6214,neg
6215,neg
6216,pos
6217,pos
6218,pos
6219,neg
6220,pos
6221,neg
6222,pos
6223,pos
6224,pos
6225,pos
6226,pos
6227,neg
6228,pos
6229,neg
6230,neg
6231,pos
6232,pos
6233,pos
6234,pos
6235,pos
6236,neg
6237,pos
6238,pos
6239,neg
6240,pos
6241,pos
6242,pos
6243,pos
6244,neg
6245,neg
6246,pos
6247,pos
6248,pos
6249,pos
6250,pos
6251,neg
6252,pos
6253,neg
6254,pos
6255,pos
6256,pos
6257,pos
6258,neg
6259,pos
6260,pos
6261,pos
6262,pos
6263,pos
6264,pos
6265,pos
6266,neg
6267,pos
6268,neg
6269,pos
6270,pos
6271,pos
6272,neg
6273,pos
6274,pos
6275,pos
6276,neg
6277,neg
6278,pos
6279,neg
6280,pos
6281,pos
6282,pos
6283,pos
6284,neg
6285,neg
6286,pos
6287,pos
6288,pos
6289,pos
6290,pos
6291,neg
6292,pos
6293,pos
6294,pos
6295,pos
6296,neg
6297,pos
6298,pos
6299,pos
6300,pos
6301,pos
6302,pos
6303,pos
6304,pos
6305,pos
6306,pos
6307,neg
6308,pos
6309,pos
6310,pos
6311,pos
6312,pos
6313,neg
6314,neg
6315,neg
6316,pos
6317,pos
6318,pos
6319,pos
6320,pos
6321,neg
6322,pos
6323,neg
6324,neg
6325,neg
6326,pos
6327,neg
6328,pos
6329,pos
6330,pos
6331,pos
6332,pos
6333,neg
6334,neg
6335,pos
6336,neg
6337,pos
6338,pos
6339,pos
6340,neg
6341,pos
6342,pos
6343,pos
6344,pos
6345,pos
6346,pos
6347,pos
6348,pos
6349,neg
6350,neg
6351,neg
6352,neg
6353,pos
6354,pos
6355,pos
6356,pos
6357,pos
6358,pos
6359,pos
6360,pos
6361,pos
6362,neg
6363,neg
6364,pos
6365,pos
6366,pos
6367,pos
6368,pos
6369,neg
6370,neg
6371,neg
6372,pos
6373,pos
6374,pos
6375,pos
6376,pos
6377,pos
6378,pos
6379,pos
6380,neg
6381,neg
6382,neg
6383,pos
6384,pos
6385,neg
6386,pos
6387,pos
6388,pos
6389,pos
6390,pos
6391,pos
6392,neg
6393,neg
6394,neg
6395,pos
6396,pos
6397,pos
6398,pos
6399,neg
6400,neg
6401,pos
6402,neg
6403,pos
6404,pos
6405,pos
6406,neg
6407,pos
6408,neg
6409,pos
6410,pos
6411,pos
6412,neg
6413,neg
6414,neg
6415,pos
6416,pos
6417,neg
6418,pos
6419,neg
6420,pos
6421,neg
6422,pos
6423,pos
6424,pos
6425,pos
6426,neg
6427,neg
6428,neg
6429,pos
6430,pos
6431,pos
6432,pos
6433,neg
6434,pos
6435,neg
6436,neg
6437,pos
6438,pos
6439,pos
6440,pos
6441,pos
6442,neg
6443,pos
6444,pos
6445,pos
6446,pos
6447,pos
6448,neg
6449,neg
6450,pos
6451,pos
6452,neg
6453,pos
6454,pos
6455,pos
6456,neg
6457,pos
6458,neg
6459,neg
6460,pos
6461,pos
6462,pos
6463,neg
6464,pos
6465,pos
6466,pos
6467,neg
6468,neg
6469,neg
6470,pos
6471,pos
6472,pos
6473,pos
6474,pos
6475,pos
6476,pos
6477,pos
6478,pos
6479,pos
6480,pos
6481,pos
6482,neg
6483,neg
6484,neg
6485,pos
6486,pos
6487,pos
6488,pos
6489,pos
6490,pos
6491,pos
6492,pos
6493,pos
6494,pos
6495,neg
6496,neg
6497,pos
6498,pos
6499,pos
6500,pos
6501,neg
6502,neg
6503,neg
6504,neg
6505,pos
6506,pos
6507,pos
6508,neg
6509,neg
6510,pos
6511,pos
6512,neg
6513,pos
6514,neg
6515,neg
6516,pos
6517,pos
6518,pos
6519,pos
6520,neg
6521,pos
6522,neg
6523,neg
6524,neg
6525,pos
6526,pos
6527,pos
6528,neg
6529,pos
6530,neg
6531,pos
6532,pos
6533,neg
6534,pos
6535,pos
6536,pos
6537,neg
6538,neg
6539,pos
6540,pos
6541,pos
6542,pos
6543,neg
6544,pos
6545,pos
6546,pos
6547,pos
6548,pos
6549,pos
6550,pos
6551,neg
6552,pos
6553,pos
6554,pos
6555,neg
6556,pos
6557,pos
6558,pos
6559,pos
6560,pos
6561,pos
6562,pos
6563,neg
6564,pos
6565,neg
6566,pos
6567,pos
6568,pos
6569,pos
6570,pos
6571,pos
6572,pos
6573,pos
6574,neg
6575,pos
6576,pos
6577,pos
6578,pos
6579,neg
6580,pos
6581,pos
6582,pos
6583,neg
6584,neg
6585,neg
6586,neg
6587,pos
6588,neg
6589,pos
6590,pos
6591,pos
6592,pos
6593,pos
6594,pos
6595,neg
6596,pos
6597,neg
6598,pos
6599,pos
6600,pos
6601,pos
6602,neg
6603,neg
6604,pos
6605,pos
6606,neg
6607,pos
6608,pos
6609,pos
6610,pos
6611,pos
6612,pos
6613,pos
6614,pos
6615,neg
6616,neg
6617,pos
6618,pos
6619,pos
6620,pos
6621,pos
6622,pos
6623,pos
6624,neg
6625,pos
6626,neg
6627,neg
6628,pos
6629,neg
6630,neg
6631,pos
6632,neg
6633,pos
6634,pos
6635,neg
6636,pos
6637,neg
6638,pos
6639,neg
6640,pos
6641,pos
6642,pos
6643,pos
6644,pos
6645,pos
6646,neg
6647,pos
6648,pos
6649,neg
6650,pos
6651,pos
6652,pos
6653,pos
6654,pos
6655,neg
6656,pos
6657,pos
6658,pos
6659,neg
6660,pos
6661,pos
6662,pos
6663,pos
6664,pos
6665,neg
6666,pos
6667,neg
6668,neg
6669,pos
6670,neg
6671,pos
6672,pos
6673,pos
6674,pos
6675,pos
6676,pos
6677,neg
6678,pos
6679,pos
6680,pos
6681,neg
6682,neg
6683,pos
6684,neg
6685,neg
6686,pos
6687,pos
6688,pos
6689,pos
6690,neg
6691,neg
6692,neg
6693,pos
6694,neg
6695,pos
6696,pos
6697,pos
6698,neg
6699,pos
6700,pos
6701,pos
6702,pos
6703,pos
6704,pos
6705,neg
6706,pos
6707,pos
6708,pos
6709,pos
6710,pos
6711,pos
6712,neg
6713,neg
6714,pos
6715,pos
6716,pos
6717,pos
6718,pos
6719,pos
6720,neg
6721,pos
6722,pos
6723,pos
6724,neg
6725,neg
6726,pos
6727,neg
6728,pos
6729,pos
6730,neg
6731,neg
6732,neg
6733,pos
6734,neg
6735,pos
6736,pos
6737,pos
6738,pos
6739,pos
6740,neg
6741,neg
6742,pos
6743,neg
6744,pos
6745,pos
6746,pos
6747,pos
6748,pos
6749,pos
6750,neg
6751,pos
6752,neg
6753,pos
6754,neg
6755,pos
6756,pos
6757,pos
6758,pos
6759,neg
6760,pos
6761,neg
6762,neg
6763,neg
6764,pos
6765,pos
6766,pos
6767,neg
6768,pos
6769,neg
6770,pos
6771,pos
6772,pos
6773,neg
6774,pos
6775,pos
6776,pos
6777,pos
6778,pos
6779,neg
6780,neg
6781,pos
6782,pos
6783,neg
6784,pos
6785,pos
6786,neg
6787,pos
6788,pos
6789,neg
6790,pos
6791,pos
6792,pos
6793,neg
6794,pos
6795,pos
6796,pos
6797,pos
6798,neg
6799,pos
6800,neg
6801,pos
6802,pos
6803,pos
6804,pos
6805,pos
6806,neg
6807,neg
6808,neg
6809,pos
6810,neg
6811,pos
6812,pos
6813,neg
6814,pos
6815,pos
6816,pos
6817,pos
6818,neg
6819,neg
6820,neg
6821,pos
6822,neg
6823,pos
6824,neg
6825,neg
6826,pos
6827,pos
6828,pos
6829,pos
6830,neg
6831,pos
6832,pos
6833,pos
6834,pos
6835,pos
6836,neg
6837,neg
6838,pos
6839,neg
6840,pos
6841,pos
6842,pos
6843,pos
6844,pos
6845,pos
6846,pos
6847,pos
6848,pos
6849,neg
6850,neg
6851,pos
6852,pos
6853,pos
6854,pos
6855,neg
6856,neg
6857,neg
6858,pos
6859,pos
6860,pos
6861,pos
6862,pos
6863,neg
6864,pos
6865,neg
6866,pos
6867,neg
6868,pos
6869,pos
6870,pos
6871,pos
6872,neg
6873,pos
6874,pos
6875,neg
6876,neg
6877,pos
6878,neg
6879,pos
6880,pos
6881,pos
6882,pos
6883,neg
6884,pos
6885,pos
6886,neg
6887,pos
6888,pos
6889,neg
6890,pos
6891,pos
6892,pos
6893,pos
6894,pos
6895,pos
6896,neg
6897,pos
6898,neg
6899,neg
6900,neg
6901,pos
6902,pos
6903,pos
6904,pos
6905,pos
6906,pos
6907,neg
6908,neg
6909,pos
6910,pos
6911,pos
6912,pos
6913,pos
6914,pos
6915,neg
6916,pos
6917,pos
6918,pos
6919,neg
6920,pos
6921,neg
6922,pos
6923,pos
6924,pos
6925,neg
6926,neg
6927,neg
6928,pos
6929,pos
6930,neg
6931,neg
6932,pos
6933,pos
6934,neg
6935,neg
6936,neg
6937,pos
6938,pos
6939,pos
6940,pos
6941,pos
6942,pos
6943,neg
6944,pos
6945,pos
6946,pos
6947,pos
6948,pos
6949,pos
6950,pos
6951,pos
6952,pos
6953,neg
6954,pos
6955,pos
6956,pos
6957,pos
6958,pos
6959,pos
6960,pos
6961,pos
6962,pos
6963,pos
6964,neg
6965,pos
6966,neg
6967,pos
6968,pos
6969,pos
6970,pos
6971,neg
6972,pos
6973,pos
6974,neg
6975,pos
6976,pos
6977,pos
6978,neg
6979,pos
6980,pos
6981,pos
6982,pos
6983,pos
6984,pos
6985,neg
6986,pos
6987,pos
6988,pos
6989,pos
6990,pos
6991,pos
6992,neg
6993,pos
6994,pos
6995,neg
6996,pos
6997,pos
6998,pos
6999,pos
7000,pos
7001,neg
7002,pos
7003,pos
7004,neg
7005,pos
7006,pos
7007,neg
7008,pos
7009,neg
7010,pos
7011,pos
7012,neg
7013,pos
7014,pos
7015,pos
7016,pos
7017,pos
7018,neg
7019,pos
7020,pos
7021,pos
7022,neg
7023,neg
7024,pos
7025,neg
7026,pos
7027,pos
7028,pos
7029,pos
7030,neg
7031,pos
7032,pos
7033,neg
7034,neg
7035,pos
7036,neg
7037,pos
7038,pos
7039,neg
7040,neg
7041,neg
7042,pos
7043,pos
7044,pos
7045,neg
7046,neg
7047,pos
7048,neg
7049,pos
7050,neg
7051,neg
7052,pos
7053,pos
7054,pos
7055,pos
7056,pos
7057,pos
7058,pos
7059,neg
7060,pos
7061,pos
7062,pos
7063,pos
7064,pos
7065,pos
7066,pos
7067,pos
7068,pos
7069,pos
7070,pos
7071,pos
7072,pos
7073,pos
7074,pos
7075,pos
7076,pos
7077,pos
7078,pos
7079,pos
7080,pos
7081,pos
7082,pos
7083,pos
7084,neg
7085,pos
7086,pos
7087,neg
7088,pos
7089,neg
7090,neg
7091,pos
7092,pos
7093,pos
7094,pos
7095,neg
7096,pos
7097,neg
7098,pos
7099,pos
7100,pos
7101,pos
7102,pos
7103,pos
7104,pos
7105,pos
7106,neg
7107,pos
7108,neg
7109,pos
7110,pos
7111,pos
7112,neg
7113,pos
7114,pos
7115,pos
7116,pos
7117,pos
7118,pos
7119,pos
7120,neg
7121,pos
7122,pos
7123,neg
7124,pos
7125,pos
7126,pos
7127,pos
7128,neg
7129,neg
7130,pos
7131,pos
7132,neg
7133,pos
7134,pos
7135,neg
7136,pos
7137,pos
7138,neg
7139,neg
7140,pos
7141,pos
7142,neg
7143,pos
7144,neg
7145,pos
7146,neg
7147,neg
7148,pos
7149,neg
7150,neg
7151,pos
7152,neg
7153,pos
7154,pos
7155,pos
7156,neg
7157,pos
7158,pos
7159,neg
7160,pos
7161,neg
7162,pos
7163,pos
7164,pos
7165,pos
7166,pos
7167,pos
7168,pos
7169,pos
7170,pos
7171,pos
7172,pos
7173,pos
7174,pos
7175,neg
7176,pos
7177,neg
7178,pos
7179,pos
7180,neg
7181,pos
7182,neg
7183,pos
7184,neg
7185,neg
7186,pos
7187,pos
7188,pos
7189,pos
7190,pos
7191,neg
7192,neg
7193,pos
7194,pos
7195,pos
7196,neg
7197,pos
7198,neg
7199,pos
7200,pos
7201,pos
7202,neg
7203,pos
7204,pos
7205,pos
7206,neg
7207,pos
7208,neg
7209,neg
7210,neg
7211,pos
7212,pos
7213,neg
7214,neg
7215,pos
7216,pos
7217,pos
7218,pos
7219,neg
7220,neg
7221,pos
7222,neg
7223,neg
7224,pos
7225,pos
7226,pos
7227,pos
7228,neg
7229,pos
7230,pos
7231,pos
7232,pos
7233,pos
7234,pos
7235,neg
7236,pos
7237,neg
7238,pos
7239,neg
7240,pos
7241,pos
7242,neg
7243,pos
7244,pos
7245,neg
7246,pos
7247,pos
7248,neg
7249,pos
7250,pos
7251,pos
7252,pos
7253,pos
7254,pos
7255,pos
7256,pos
7257,pos
7258,pos
7259,pos
7260,pos
7261,neg
7262,neg
7263,pos
7264,pos
7265,pos
7266,pos
7267,pos
7268,pos
7269,neg
7270,pos
7271,pos
7272,pos
7273,neg
7274,pos
7275,neg
7276,pos
7277,neg
7278,neg
7279,neg
7280,pos
7281,neg
7282,pos
7283,pos
7284,neg
7285,pos
7286,pos
7287,neg
7288,neg
7289,pos
7290,pos
7291,pos
7292,pos
7293,neg
7294,neg
7295,pos
7296,neg
7297,pos
7298,pos
7299,pos
7300,pos
7301,pos
7302,pos
7303,pos
7304,pos
7305,pos
7306,pos
7307,pos
7308,pos
7309,pos
7310,pos
7311,pos
7312,neg
7313,pos
7314,neg
7315,pos
7316,pos
7317,pos
7318,pos
7319,pos
7320,pos
7321,pos
7322,pos
7323,pos
7324,neg
7325,neg
7326,pos
7327,pos
7328,neg
7329,pos
7330,neg
7331,pos
7332,pos
7333,pos
7334,pos
7335,pos
7336,neg
7337,pos
7338,pos
7339,pos
7340,neg
7341,pos
7342,pos
7343,pos
7344,pos
7345,pos
7346,neg
7347,pos
7348,pos
7349,neg
7350,pos
7351,neg
7352,pos
7353,neg
7354,pos
7355,neg
7356,pos
7357,pos
7358,neg
7359,pos
7360,neg
7361,pos
7362,pos
7363,neg
7364,neg
7365,pos
7366,pos
7367,neg
7368,pos
7369,pos
7370,pos
7371,pos
7372,pos
7373,pos
7374,pos
7375,neg
7376,pos
7377,pos
7378,neg
7379,pos
7380,pos
7381,pos
7382,neg
7383,pos
7384,neg
7385,pos
7386,pos
7387,pos
7388,neg
7389,neg
7390,neg
7391,pos
7392,pos
7393,pos
7394,pos
7395,pos
7396,neg
7397,pos
7398,pos
7399,pos
7400,pos
7401,pos
7402,neg
7403,neg
7404,pos
7405,neg
7406,neg
7407,neg
7408,pos
7409,pos
7410,neg
7411,neg
7412,pos
7413,pos
7414,neg
7415,pos
7416,neg
7417,neg
7418,pos
7419,pos
7420,neg
7421,pos
7422,neg
7423,neg
7424,neg
7425,pos
7426,pos
7427,pos
7428,pos
7429,pos
7430,neg
7431,pos
7432,pos
7433,pos
7434,pos
7435,pos
7436,neg
7437,pos
7438,pos
7439,pos
7440,neg
7441,pos
7442,pos
7443,pos
7444,pos
7445,pos
7446,pos
7447,neg
7448,pos
7449,pos
7450,pos
7451,pos
7452,pos
7453,pos
7454,pos
7455,pos
7456,pos
7457,pos
7458,pos
7459,pos
7460,pos
7461,pos
7462,neg
7463,pos
7464,pos
7465,pos
7466,pos
7467,pos
7468,pos
7469,pos
7470,pos
7471,pos
7472,pos
7473,pos
7474,neg
7475,neg
7476,pos
7477,neg
7478,pos
7479,pos
7480,pos
7481,pos
7482,pos
7483,pos
7484,pos
7485,pos
7486,pos
7487,pos
7488,pos
7489,pos
7490,pos
7491,pos
7492,neg
7493,pos
7494,pos
7495,pos
7496,pos
7497,pos
7498,pos
7499,pos
7500,neg
7501,pos
7502,pos
7503,pos
7504,pos
7505,neg
7506,pos
7507,neg
7508,pos
7509,pos
7510,pos
7511,pos
7512,neg
7513,pos
7514,pos
7515,pos
7516,pos
7517,pos
7518,pos
7519,pos
7520,pos
7521,neg
7522,pos
7523,neg
7524,pos
7525,pos
7526,pos
7527,neg
7528,pos
7529,pos
7530,pos
7531,neg
7532,pos
7533,pos
7534,neg
7535,neg
7536,neg
7537,pos
7538,pos
7539,neg
7540,neg
7541,neg
7542,pos
7543,pos
7544,pos
7545,neg
7546,neg
7547,pos
7548,pos
7549,pos
7550,pos
7551,pos
7552,pos
7553,pos
7554,neg
7555,neg
7556,pos
7557,neg
7558,pos
7559,pos
7560,pos
7561,pos
7562,pos
7563,neg
7564,pos
7565,pos
7566,neg
7567,pos
7568,pos
7569,neg
7570,pos
7571,neg
7572,pos
7573,pos
7574,neg
7575,pos
7576,neg
7577,pos
7578,neg
7579,pos
7580,pos
7581,pos
7582,pos
7583,neg
7584,pos
7585,pos
7586,neg
7587,neg
7588,pos
7589,pos
7590,pos
7591,neg
7592,pos
7593,pos
7594,pos
7595,pos
7596,pos
7597,neg
7598,pos
7599,pos
7600,pos
7601,pos
7602,pos
7603,neg
7604,neg
7605,pos
7606,pos
7607,pos
7608,pos
7609,pos
7610,pos
7611,neg
7612,neg
7613,pos
7614,pos
7615,neg
7616,pos
7617,pos
7618,pos
7619,pos
7620,pos
7621,pos
7622,pos
7623,neg
7624,pos
7625,pos
7626,pos
7627,neg
7628,pos
7629,pos
7630,pos
7631,pos
7632,neg
7633,pos
7634,neg
7635,neg
7636,pos
7637,neg
7638,pos
7639,neg
7640,pos
7641,pos
7642,pos
7643,pos
7644,pos
7645,pos
7646,pos
7647,neg
7648,pos
7649,pos
7650,neg
7651,neg
7652,pos
7653,pos
7654,pos
7655,pos
7656,pos
7657,pos
7658,pos
7659,neg
7660,pos
7661,pos
7662,pos
7663,pos
7664,pos
7665,pos
7666,pos
7667,neg
7668,pos
7669,pos
7670,pos
7671,pos
7672,pos
7673,pos
7674,neg
7675,neg
7676,pos
7677,pos
7678,pos
7679,pos
7680,pos
7681,neg
7682,pos
7683,neg
7684,pos
7685,pos
7686,pos
7687,neg
7688,pos
7689,neg
7690,neg
7691,neg
7692,neg
7693,pos
7694,pos
7695,neg
7696,neg
7697,neg
7698,neg
7699,pos
7700,neg
7701,pos
7702,pos
7703,pos
7704,neg
7705,pos
7706,pos
7707,neg
7708,pos
7709,neg
7710,pos
7711,pos
7712,pos
7713,pos
7714,neg
7715,pos
7716,neg
7717,neg
7718,neg
7719,neg
7720,pos
7721,pos
7722,pos
7723,pos
7724,pos
7725,pos
7726,pos
7727,pos
7728,neg
7729,pos
7730,pos
7731,pos
7732,pos
7733,neg
7734,pos
7735,pos
7736,neg
7737,pos
7738,pos
7739,neg
7740,neg
7741,pos
7742,neg
7743,neg
7744,pos
7745,neg
7746,pos
7747,neg
7748,pos
7749,pos
7750,neg
7751,pos
7752,pos
7753,neg
7754,pos
7755,pos
7756,pos
7757,neg
7758,neg
7759,pos
7760,pos
7761,pos
7762,pos
7763,pos
7764,pos
7765,pos
7766,pos
7767,neg
7768,neg
7769,pos
7770,pos
7771,pos
7772,neg
7773,neg
7774,neg
7775,pos
7776,pos
7777,pos
7778,neg
7779,neg
7780,pos
7781,neg
7782,neg
7783,pos
7784,pos
7785,pos
7786,pos
7787,pos
7788,pos
7789,neg
7790,neg
7791,pos
7792,neg
7793,neg
7794,pos
7795,pos
7796,pos
7797,pos
7798,pos
7799,pos
7800,pos
7801,pos
7802,neg
7803,neg
7804,pos
7805,pos
7806,neg
7807,neg
7808,pos
7809,pos
7810,neg
7811,pos
7812,neg
7813,pos
7814,neg
7815,pos
7816,neg
7817,neg
7818,pos
7819,pos
7820,pos
7821,pos
7822,pos
7823,neg
7824,neg
7825,pos
7826,neg
7827,pos
7828,pos
7829,pos
7830,neg
7831,neg
7832,neg
7833,pos
7834,neg
7835,neg
7836,pos
7837,neg
7838,neg
7839,pos
7840,neg
7841,neg
7842,pos
7843,pos
7844,neg
7845,pos
7846,pos
7847,neg
7848,pos
7849,neg
7850,pos
7851,pos
7852,neg
7853,neg
7854,pos
7855,pos
7856,neg
7857,neg
7858,pos
7859,pos
7860,neg
7861,pos
7862,pos
7863,pos
7864,pos
7865,pos
7866,pos
7867,neg
7868,pos
7869,pos
7870,pos
7871,neg
7872,pos
7873,neg
7874,neg
7875,pos
7876,pos
7877,pos
7878,pos
7879,pos
7880,pos
7881,neg
7882,neg
7883,pos
7884,neg
7885,neg
7886,pos
7887,pos
7888,pos
7889,pos
7890,pos
7891,pos
7892,neg
7893,neg
7894,pos
7895,neg
7896,pos
7897,pos
7898,neg
7899,pos
7900,pos
7901,pos
7902,neg
7903,pos
7904,neg
7905,neg
7906,neg
7907,neg
7908,pos
7909,pos
7910,pos
7911,pos
7912,pos
7913,neg
7914,pos
7915,pos
7916,neg
7917,pos
7918,pos
7919,neg
7920,neg
7921,neg
7922,neg
7923,pos
7924,neg
7925,pos
7926,pos
7927,neg
7928,pos
7929,pos
7930,pos
7931,pos
7932,neg
7933,pos
7934,neg
7935,pos
7936,pos
7937,pos
7938,neg
7939,neg
7940,neg
7941,pos
7942,neg
7943,neg
7944,neg
7945,neg
7946,pos
7947,neg
7948,pos
7949,pos
7950,pos
7951,neg
7952,pos
7953,neg
7954,neg
7955,neg
7956,pos
7957,pos
7958,pos
7959,pos
7960,pos
7961,pos
7962,pos
7963,pos
7964,pos
7965,pos
7966,neg
7967,neg
7968,pos
7969,neg
7970,pos
7971,neg
7972,neg
7973,pos
7974,neg
7975,pos
7976,neg
7977,neg
7978,pos
7979,neg
7980,pos
7981,pos
7982,pos
7983,pos
7984,pos
7985,pos
7986,pos
7987,pos
7988,pos
7989,neg
7990,pos
7991,pos
7992,pos
7993,pos
7994,neg
7995,neg
7996,pos
7997,pos
7998,pos
7999,pos
8000,pos
8001,pos
8002,pos
8003,neg
8004,neg
8005,neg
8006,pos
8007,neg
8008,neg
8009,neg
8010,neg
8011,pos
8012,neg
8013,neg
8014,pos
8015,pos
8016,neg
8017,pos
8018,pos
8019,pos
8020,pos
8021,pos
8022,neg
8023,neg
8024,neg
8025,pos
8026,neg
8027,pos
8028,pos
8029,pos
8030,pos
8031,pos
8032,neg
8033,pos
8034,pos
8035,neg
8036,pos
8037,neg
8038,neg
8039,pos
8040,pos
8041,pos
8042,pos
8043,pos
8044,pos
8045,neg
8046,pos
8047,pos
8048,pos
8049,neg
8050,neg
8051,pos
8052,neg
8053,neg
8054,neg
8055,pos
8056,pos
8057,neg
8058,neg
8059,pos
8060,neg
8061,neg
8062,pos
8063,pos
8064,pos
8065,pos
8066,neg
8067,pos
8068,pos
8069,neg
8070,pos
8071,pos
8072,pos
8073,pos
8074,pos
8075,neg
8076,pos
8077,neg
8078,pos
8079,pos
8080,pos
8081,pos
8082,neg
8083,pos
8084,pos
8085,pos
8086,pos
8087,neg
8088,pos
8089,pos
8090,pos
8091,pos
8092,neg
8093,neg
8094,pos
8095,pos
8096,neg
8097,pos
8098,pos
8099,pos
8100,pos
8101,pos
8102,neg
8103,neg
8104,neg
8105,pos
8106,neg
8107,pos
8108,pos
8109,pos
8110,pos
8111,pos
8112,pos
8113,pos
8114,pos
8115,pos
8116,pos
8117,pos
8118,pos
8119,pos
8120,pos
8121,pos
8122,pos
8123,pos
8124,pos
8125,pos
8126,pos
8127,neg
8128,neg
8129,pos
8130,neg
8131,pos
8132,pos
8133,pos
8134,pos
8135,pos
8136,neg
8137,pos
8138,pos
8139,neg
8140,pos
8141,pos
8142,pos
8143,pos
8144,pos
8145,pos
8146,pos
8147,neg
8148,pos
8149,pos
8150,neg
8151,pos
8152,neg
8153,pos
8154,pos
8155,neg
8156,pos
8157,pos
8158,pos
8159,neg
8160,pos
8161,pos
8162,pos
8163,pos
8164,pos
8165,neg
8166,pos
8167,pos
8168,pos
8169,pos
8170,pos
8171,pos
8172,pos
8173,neg
8174,pos
8175,pos
8176,neg
8177,pos
8178,pos
8179,pos
8180,pos
8181,pos
8182,pos
8183,pos
8184,neg
8185,pos
8186,pos
8187,pos
8188,neg
8189,pos
8190,pos
8191,neg
8192,neg
8193,neg
8194,pos
8195,pos
8196,neg
8197,pos
8198,pos
8199,pos
8200,pos
8201,pos
8202,neg
8203,pos
8204,pos
8205,pos
8206,neg
8207,neg
8208,pos
8209,pos
8210,neg
8211,pos
8212,pos
8213,pos
8214,pos
8215,neg
8216,neg
8217,pos
8218,pos
8219,neg
8220,pos
8221,neg
8222,pos
8223,pos
8224,neg
8225,pos
8226,pos
8227,pos
8228,pos
8229,pos
8230,pos
8231,pos
8232,neg
8233,pos
8234,neg
8235,pos
8236,neg
8237,neg
8238,neg
8239,pos
8240,pos
8241,pos
8242,pos
8243,neg
8244,neg
8245,pos
8246,neg
8247,neg
8248,neg
8249,pos
8250,pos
8251,pos
8252,neg
8253,pos
8254,pos
8255,pos
8256,pos
8257,pos
8258,pos
8259,pos
8260,neg
8261,pos
8262,pos
8263,pos
8264,neg
8265,pos
8266,pos
8267,pos
8268,neg
8269,neg
8270,pos
8271,neg
8272,pos
8273,pos
8274,pos
8275,pos
8276,neg
8277,pos
8278,pos
8279,pos
8280,pos
8281,pos
8282,pos
8283,pos
8284,pos
8285,neg
8286,pos
8287,neg
8288,pos
8289,neg
8290,pos
8291,neg
8292,pos
8293,pos
8294,neg
8295,neg
8296,pos
8297,pos
8298,neg
8299,pos
8300,pos
8301,neg
8302,neg
8303,neg
8304,neg
8305,pos
8306,pos
8307,pos
8308,pos
8309,pos
8310,pos
8311,pos
8312,pos
8313,pos
8314,neg
8315,pos
8316,pos
8317,neg
8318,neg
8319,neg
8320,neg
8321,pos
8322,pos
8323,pos
8324,pos
8325,neg
8326,neg
8327,pos
8328,pos
8329,pos
8330,pos
8331,pos
8332,pos
8333,neg
8334,neg
8335,pos
8336,pos
8337,pos
8338,pos
8339,neg
8340,pos
8341,pos
8342,pos
8343,pos
8344,pos
8345,pos
8346,pos
8347,pos
8348,pos
8349,pos
8350,pos
8351,pos
8352,neg
8353,neg
8354,pos
8355,pos
8356,pos
8357,neg
8358,pos
8359,pos
8360,pos
8361,pos
8362,pos
8363,pos
8364,pos
8365,neg
8366,neg
8367,pos
8368,pos
8369,neg
8370,pos
8371,pos
8372,pos
8373,pos
8374,pos
8375,neg
8376,pos
8377,pos
8378,pos
8379,pos
8380,pos
8381,neg
8382,neg
8383,pos
8384,pos
8385,neg
8386,pos
8387,neg
8388,pos
8389,pos
8390,pos
8391,neg
8392,pos
8393,pos
8394,pos
8395,pos
8396,pos
8397,pos
8398,pos
8399,pos
8400,pos
8401,pos
8402,neg
8403,pos
8404,pos
8405,pos
8406,neg
8407,pos
8408,pos
8409,neg
8410,pos
8411,neg
8412,pos
8413,neg
8414,pos
8415,pos
8416,pos
8417,pos
8418,pos
8419,neg
8420,pos
8421,pos
8422,pos
8423,pos
8424,pos
8425,pos
8426,neg
8427,pos
8428,neg
8429,neg
8430,pos
8431,pos
8432,pos
8433,neg
8434,pos
8435,neg
8436,pos
8437,pos
8438,pos
8439,neg
8440,pos
8441,pos
8442,pos
8443,neg
8444,pos
8445,pos
8446,neg
8447,neg
8448,pos
8449,pos
8450,pos
8451,neg
8452,pos
8453,pos
8454,pos
8455,pos
8456,neg
8457,pos
8458,neg
8459,pos
8460,pos
8461,pos
8462,pos
8463,pos
8464,pos
8465,pos
8466,neg
8467,neg
8468,pos
8469,neg
8470,pos
8471,neg
8472,pos
8473,neg
8474,pos
8475,pos
8476,pos
8477,pos
8478,pos
8479,neg
8480,pos
8481,pos
8482,pos
8483,neg
8484,pos
8485,pos
8486,pos
8487,pos
8488,neg
8489,pos
8490,pos
8491,pos
8492,pos
8493,neg
8494,pos
8495,neg
8496,pos
8497,pos
8498,pos
8499,pos
8500,neg
8501,pos
8502,pos
8503,neg
8504,pos
8505,pos
8506,pos
8507,neg
8508,pos
8509,neg
8510,pos
8511,pos
8512,pos
8513,neg
8514,pos
8515,neg
8516,pos
8517,pos
8518,pos
8519,pos
8520,neg
8521,pos
8522,neg
8523,pos
8524,pos
8525,pos
8526,pos
8527,neg
8528,neg
8529,pos
8530,pos
8531,pos
8532,pos
8533,pos
8534,pos
8535,pos
8536,pos
8537,neg
8538,neg
8539,pos
8540,neg
8541,pos
8542,neg
8543,pos
8544,neg
8545,pos
8546,pos
8547,neg
8548,neg
8549,pos
8550,pos
8551,pos
8552,pos
8553,neg
8554,pos
8555,neg
8556,pos
8557,neg
8558,pos
8559,pos
8560,neg
8561,neg
8562,pos
8563,pos
8564,pos
8565,neg
8566,neg
8567,pos
8568,pos
8569,pos
8570,neg
8571,neg
8572,pos
8573,neg
8574,neg
8575,neg
8576,pos
8577,pos
8578,pos
8579,pos
8580,neg
8581,pos
8582,neg
8583,pos
8584,neg
8585,neg
8586,neg
8587,pos
8588,pos
8589,neg
8590,neg
8591,pos
8592,pos
8593,pos
8594,pos
8595,pos
8596,pos
8597,pos
8598,pos
8599,pos
8600,pos
8601,pos
8602,pos
8603,pos
8604,pos
8605,pos
8606,pos
8607,pos
8608,pos
8609,pos
8610,neg
8611,pos
8612,pos
8613,pos
8614,pos
8615,pos
8616,pos
8617,pos
8618,pos
8619,pos
8620,pos
8621,pos
8622,pos
8623,neg
8624,neg
8625,pos
8626,neg
8627,pos
8628,pos
8629,neg
8630,neg
8631,pos
8632,neg
8633,pos
8634,pos
8635,pos
8636,pos
8637,pos
8638,neg
8639,pos
8640,pos
8641,pos
8642,neg
8643,pos
8644,neg
8645,pos
8646,pos
8647,pos
8648,pos
8649,pos
8650,neg
8651,pos
8652,neg
8653,pos
8654,neg
8655,pos
8656,pos
8657,pos
8658,pos
8659,pos
8660,pos
8661,neg
8662,pos
8663,pos
8664,pos
8665,neg
8666,pos
8667,pos
8668,pos
8669,pos
8670,pos
8671,neg
8672,pos
8673,pos
8674,pos
8675,neg
8676,neg
8677,pos
8678,neg
8679,pos
8680,pos
8681,pos
8682,pos
8683,pos
8684,pos
8685,pos
8686,pos
8687,neg
8688,neg
8689,pos
8690,pos
8691,neg
8692,pos
8693,neg
8694,pos
8695,pos
8696,pos
8697,pos
8698,pos
8699,pos
8700,pos
8701,pos
8702,pos
8703,neg
8704,pos
8705,neg
8706,pos
8707,neg
8708,pos
8709,neg
8710,neg
8711,pos
8712,neg
8713,pos
8714,neg
8715,neg
8716,pos
8717,pos
8718,pos
8719,neg
8720,pos
8721,neg
8722,neg
8723,pos
8724,pos
8725,neg
8726,pos
8727,neg
8728,pos
8729,pos
8730,pos
8731,pos
8732,neg
8733,pos
8734,pos
8735,neg
8736,pos
8737,pos
8738,pos
8739,pos
8740,pos
8741,pos
8742,neg
8743,neg
8744,neg
8745,neg
8746,pos
8747,pos
8748,neg
8749,pos
8750,neg
8751,pos
8752,pos
8753,neg
8754,pos
8755,pos
8756,pos
8757,pos
8758,pos
8759,pos
8760,neg
8761,pos
8762,neg
8763,pos
8764,pos
8765,pos
8766,pos
8767,pos
8768,neg
8769,pos
8770,pos
8771,neg
8772,pos
8773,pos
8774,pos
8775,neg
8776,pos
8777,pos
8778,neg
8779,pos
8780,neg
8781,neg
8782,neg
8783,pos
8784,pos
8785,pos
8786,neg
8787,neg
8788,pos
8789,pos
8790,pos
8791,neg
8792,neg
8793,neg
8794,pos
8795,pos
8796,pos
8797,neg
8798,neg
8799,neg
8800,pos
8801,pos
8802,neg
8803,pos
8804,neg
8805,pos
8806,pos
8807,pos
8808,neg
8809,pos
8810,pos
8811,pos
8812,pos
8813,pos
8814,pos
8815,pos
8816,pos
8817,neg
8818,pos
8819,neg
8820,neg
8821,neg
8822,pos
8823,pos
8824,pos
8825,pos
8826,pos
8827,pos
8828,neg
8829,pos
8830,neg
8831,pos
8832,neg
8833,pos
8834,neg
8835,pos
8836,neg
8837,neg
8838,neg
8839,pos
8840,pos
8841,neg
8842,pos
8843,pos
8844,pos
8845,neg
8846,pos
8847,pos
8848,pos
8849,pos
8850,pos
8851,pos
8852,neg
8853,pos
8854,pos
8855,pos
8856,pos
8857,neg
8858,pos
8859,pos
8860,pos
8861,pos
8862,neg
8863,pos
8864,neg
8865,neg
8866,pos
8867,neg
8868,pos
8869,pos
8870,neg
8871,pos
8872,pos
8873,pos
8874,pos
8875,pos
8876,neg
8877,pos
8878,neg
8879,neg
8880,pos
8881,pos
8882,pos
8883,pos
8884,pos
8885,pos
8886,pos
8887,pos
8888,neg
8889,neg
8890,pos
8891,neg
8892,pos
8893,pos
8894,neg
8895,neg
8896,pos
8897,pos
8898,neg
8899,pos
8900,pos
8901,pos
8902,neg
8903,pos
8904,pos
8905,pos
8906,neg
8907,pos
8908,neg
8909,pos
8910,neg
8911,pos
8912,pos
8913,neg
8914,pos
8915,pos
8916,neg
8917,pos
8918,pos
8919,pos
8920,pos
8921,neg
8922,pos
8923,pos
8924,neg
8925,pos
8926,pos
8927,pos
8928,pos
8929,neg
8930,pos
8931,neg
8932,pos
8933,pos
8934,neg
8935,pos
8936,neg
8937,neg
8938,pos
8939,pos
8940,neg
8941,pos
8942,pos
8943,neg
8944,pos
8945,neg
8946,pos
8947,neg
8948,pos
8949,neg
8950,neg
8951,neg
8952,pos
8953,pos
8954,pos
8955,pos
8956,pos
8957,pos
8958,neg
8959,pos
8960,pos
8961,neg
8962,pos
8963,pos
8964,pos
8965,pos
8966,pos
8967,neg
8968,neg
8969,neg
8970,pos
8971,pos
8972,pos
8973,neg
8974,pos
8975,neg
8976,pos
8977,pos
8978,neg
8979,pos
8980,neg
8981,pos
8982,neg
8983,pos
8984,neg
8985,pos
8986,pos
8987,neg
8988,neg
8989,neg
8990,neg
8991,neg
8992,neg
8993,neg
8994,pos
8995,neg
8996,neg
8997,neg
8998,pos
8999,pos
9000,pos
9001,pos
9002,pos
9003,pos
9004,pos
9005,pos
9006,pos
9007,pos
9008,pos
9009,pos
9010,neg
9011,neg
9012,pos
9013,pos
9014,pos
9015,pos
9016,pos
9017,pos
9018,neg
9019,pos
9020,pos
9021,pos
9022,pos
9023,pos
9024,neg
9025,pos
9026,pos
9027,pos
9028,pos
9029,pos
9030,pos
9031,neg
9032,neg
9033,pos
9034,pos
9035,pos
9036,pos
9037,pos
9038,neg
9039,neg
9040,pos
9041,pos
9042,neg
9043,pos
9044,pos
9045,pos
9046,pos
9047,pos
9048,pos
9049,pos
9050,neg
9051,pos
9052,pos
9053,pos
9054,neg
9055,pos
9056,pos
9057,neg
9058,pos
9059,pos
9060,pos
9061,neg
9062,pos
9063,pos
9064,pos
9065,neg
9066,neg
9067,pos
9068,neg
9069,pos
9070,neg
9071,pos
9072,pos
9073,neg
9074,pos
9075,pos
9076,pos
9077,neg
9078,pos
9079,pos
9080,pos
9081,pos
9082,neg
9083,pos
9084,pos
9085,pos
9086,pos
9087,pos
9088,neg
9089,neg
9090,pos
9091,pos
9092,neg
9093,pos
9094,pos
9095,pos
9096,pos
9097,neg
9098,pos
9099,pos
9100,neg
9101,neg
9102,pos
9103,pos
9104,neg
9105,pos
9106,pos
9107,neg
9108,neg
9109,pos
9110,pos
9111,pos
9112,pos
9113,neg
9114,neg
9115,pos
9116,pos
9117,pos
9118,pos
9119,pos
9120,pos
9121,pos
9122,pos
9123,pos
9124,pos
9125,neg
9126,pos
9127,pos
9128,pos
9129,pos
9130,pos
9131,neg
9132,pos
9133,pos
9134,neg
9135,neg
9136,pos
9137,neg
9138,pos
9139,neg
9140,pos
9141,pos
9142,pos
9143,pos
9144,pos
9145,neg
9146,pos
9147,neg
9148,pos
9149,pos
9150,pos
9151,pos
9152,pos
9153,pos
9154,pos
9155,pos
9156,pos
9157,pos
9158,pos
9159,pos
9160,pos
9161,pos
9162,pos
9163,pos
9164,neg
9165,pos
9166,pos
9167,pos
9168,pos
9169,pos
9170,pos
9171,pos
9172,pos
9173,neg
9174,pos
9175,neg
9176,pos
9177,pos
9178,pos
9179,pos
9180,pos
9181,pos
9182,neg
9183,neg
9184,pos
9185,neg
9186,neg
9187,neg
9188,pos
9189,neg
9190,pos
9191,pos
9192,pos
9193,pos
9194,neg
9195,pos
9196,pos
9197,pos
9198,pos
9199,pos
9200,pos
9201,pos
9202,pos
9203,neg
9204,neg
9205,pos
9206,pos
9207,pos
9208,pos
9209,pos
9210,neg
9211,pos
9212,pos
9213,pos
9214,pos
9215,pos
9216,pos
9217,neg
9218,neg
9219,pos
9220,neg
9221,pos
9222,pos
9223,pos
9224,neg
9225,pos
9226,pos
9227,pos
9228,neg
9229,pos
9230,pos
9231,pos
9232,pos
9233,pos
9234,pos
9235,pos
9236,pos
9237,pos
9238,pos
9239,neg
9240,neg
9241,pos
9242,pos
9243,neg
9244,neg
9245,pos
9246,pos
9247,neg
9248,pos
9249,neg
9250,neg
9251,neg
9252,pos
9253,pos
9254,neg
9255,pos
9256,pos
9257,pos
9258,neg
9259,pos
9260,pos
9261,pos
9262,pos
9263,neg
9264,neg
9265,neg
9266,pos
9267,pos
9268,pos
9269,pos
9270,pos
9271,pos
9272,neg
9273,neg
9274,neg
9275,pos
9276,neg
9277,neg
9278,neg
9279,pos
9280,pos
9281,pos
9282,pos
9283,pos
9284,neg
9285,pos
9286,pos
9287,pos
9288,pos
9289,neg
9290,pos
9291,pos
9292,pos
9293,neg
9294,pos
9295,neg
9296,pos
9297,pos
9298,pos
9299,pos
9300,neg
9301,neg
9302,neg
9303,pos
9304,neg
9305,pos
9306,pos
9307,neg
9308,neg
9309,pos
9310,neg
9311,neg
9312,neg
9313,pos
9314,pos
9315,pos
9316,pos
9317,pos
9318,pos
9319,neg
9320,pos
9321,pos
9322,pos
9323,pos
9324,pos
9325,pos
9326,pos
9327,pos
9328,pos
9329,neg
9330,pos
9331,pos
9332,neg
9333,pos
9334,pos
9335,pos
9336,neg
9337,pos
9338,pos
9339,pos
9340,pos
9341,pos
9342,pos
9343,pos
9344,neg
9345,neg
9346,neg
9347,pos
9348,pos
9349,pos
9350,pos
9351,pos
9352,pos
9353,pos
9354,neg
9355,neg
9356,pos
9357,neg
9358,neg
9359,neg
9360,pos
9361,pos
9362,pos
9363,neg
9364,pos
9365,pos
9366,pos
9367,pos
9368,neg
9369,pos
9370,pos
9371,neg
9372,pos
9373,pos
9374,neg
9375,pos
9376,pos
9377,pos
9378,pos
9379,pos
9380,pos
9381,pos
9382,neg
9383,pos
9384,neg
9385,pos
9386,pos
9387,pos
9388,pos
9389,neg
9390,neg
9391,neg
9392,pos
9393,pos
9394,neg
9395,neg
9396,pos
9397,pos
9398,neg
9399,pos
9400,pos
9401,neg
9402,neg
9403,pos
9404,pos
9405,neg
9406,pos
9407,pos
9408,pos
9409,neg
9410,pos
9411,pos
9412,neg
9413,pos
9414,pos
9415,pos
9416,neg
9417,pos
9418,pos
9419,pos
9420,pos
9421,pos
9422,pos
9423,pos
9424,pos
9425,pos
9426,pos
9427,neg
9428,pos
9429,pos
9430,pos
9431,pos
9432,pos
9433,neg
9434,pos
9435,pos
9436,neg
9437,pos
9438,pos
9439,neg
9440,pos
9441,neg
9442,pos
9443,pos
9444,neg
9445,neg
9446,pos
9447,pos
9448,neg
9449,pos
9450,neg
9451,neg
9452,neg
9453,pos
9454,neg
9455,pos
9456,pos
9457,pos
9458,pos
9459,pos
9460,neg
9461,neg
9462,pos
9463,pos
9464,neg
9465,pos
9466,neg
9467,neg
9468,neg
9469,pos
9470,pos
9471,neg
9472,pos
9473,pos
9474,pos
9475,neg
9476,neg
9477,pos
9478,pos
9479,pos
9480,pos
9481,pos
9482,neg
9483,pos
9484,pos
9485,pos
9486,pos
9487,pos
9488,pos
9489,pos
9490,neg
9491,neg
9492,pos
9493,neg
9494,pos
9495,pos
9496,neg
9497,neg
9498,pos
9499,pos
9500,pos
9501,pos
9502,pos
9503,neg
9504,pos
9505,pos
9506,pos
9507,pos
9508,pos
9509,neg
9510,pos
9511,pos
9512,pos
9513,neg
9514,pos
9515,neg
9516,pos
9517,pos
9518,pos
9519,neg
9520,pos
9521,pos
9522,neg
9523,pos
9524,neg
9525,pos
9526,pos
9527,pos
9528,pos
9529,pos
9530,pos
9531,pos
9532,pos
9533,pos
9534,neg
9535,pos
9536,pos
9537,pos
9538,pos
9539,pos
9540,pos
9541,pos
9542,pos
9543,pos
9544,pos
9545,pos
9546,neg
9547,pos
9548,neg
9549,neg
9550,neg
9551,pos
9552,pos
9553,neg
9554,neg
9555,neg
9556,pos
9557,pos
9558,pos
9559,pos
9560,pos
9561,pos
9562,pos
9563,pos
9564,pos
9565,pos
9566,neg
9567,pos
9568,pos
9569,pos
9570,pos
9571,pos
9572,pos
9573,pos
9574,pos
9575,pos
9576,neg
9577,pos
9578,pos
9579,neg
9580,pos
9581,pos
9582,pos
9583,neg
9584,pos
9585,pos
9586,pos
9587,pos
9588,pos
9589,pos
9590,pos
9591,pos
9592,pos
9593,pos
9594,pos
9595,pos
9596,neg
9597,pos
9598,neg
9599,neg
9600,neg
9601,neg
9602,neg
9603,pos
9604,pos
9605,neg
9606,neg
9607,pos
9608,neg
9609,pos
9610,pos
9611,neg
9612,pos
9613,neg
9614,neg
9615,pos
9616,pos
9617,pos
9618,neg
9619,neg
9620,neg
9621,pos
9622,pos
9623,pos
9624,pos
9625,neg
9626,pos
9627,neg
9628,pos
9629,neg
9630,pos
9631,pos
9632,neg
9633,neg
9634,neg
9635,pos
9636,neg
9637,pos
9638,pos
9639,pos
9640,pos
9641,pos
9642,pos
9643,pos
9644,pos
9645,neg
9646,pos
9647,pos
9648,pos
9649,pos
9650,pos
9651,pos
9652,pos
9653,neg
9654,pos
9655,neg
9656,neg
9657,pos
9658,pos
9659,neg
9660,pos
9661,pos
9662,pos
9663,pos
9664,neg
9665,pos
9666,neg
9667,pos
9668,pos
9669,pos
9670,pos
9671,neg
9672,neg
9673,pos
9674,pos
9675,pos
9676,pos
9677,neg
9678,neg
9679,neg
9680,pos
9681,pos
9682,pos
9683,pos
9684,neg
9685,pos
9686,neg
9687,pos
9688,neg
9689,pos
9690,pos
9691,pos
9692,pos
9693,pos
9694,pos
9695,pos
9696,pos
9697,pos
9698,neg
9699,pos
9700,neg
9701,pos
9702,pos
9703,pos
9704,pos
9705,pos
9706,neg
9707,pos
9708,pos
9709,pos
9710,neg
9711,pos
9712,pos
9713,pos
9714,pos
9715,neg
9716,pos
9717,pos
9718,neg
9719,pos
9720,pos
9721,neg
9722,pos
9723,pos
9724,pos
9725,pos
9726,pos
9727,neg
9728,pos
9729,pos
9730,neg
9731,neg
9732,pos
9733,pos
9734,pos
9735,pos
9736,pos
9737,pos
9738,neg
9739,pos
9740,pos
9741,pos
9742,neg
9743,pos
9744,pos
9745,pos
9746,neg
9747,pos
9748,neg
9749,neg
9750,pos
9751,neg
9752,neg
9753,pos
9754,pos
9755,pos
9756,pos
9757,pos
9758,neg
9759,neg
9760,neg
9761,pos
9762,pos
9763,pos
9764,pos
9765,neg
9766,neg
9767,neg
9768,pos
9769,neg
9770,pos
9771,pos
9772,pos
9773,pos
9774,pos
9775,neg
9776,pos
9777,neg
9778,pos
9779,pos
9780,neg
9781,pos
9782,pos
9783,pos
9784,neg
9785,pos
9786,pos
9787,neg
9788,pos
9789,pos
9790,pos
9791,neg
9792,neg
9793,neg
9794,pos
9795,neg
9796,pos
9797,pos
9798,pos
9799,neg
9800,pos
9801,pos
9802,neg
9803,pos
9804,neg
9805,pos
9806,pos
9807,pos
9808,pos
9809,pos
9810,neg
9811,pos
9812,neg
9813,pos
9814,pos
9815,neg
9816,neg
9817,neg
9818,pos
9819,pos
9820,pos
9821,pos
9822,pos
9823,neg
9824,pos
9825,neg
9826,pos
9827,pos
9828,pos
9829,pos
9830,neg
9831,pos
9832,pos
9833,neg
9834,pos
9835,neg
9836,neg
9837,neg
9838,pos
9839,pos
9840,pos
9841,neg
9842,pos
9843,pos
9844,pos
9845,neg
9846,pos
9847,pos
9848,pos
9849,pos
9850,pos
9851,pos
9852,pos
9853,pos
9854,neg
9855,neg
9856,pos
9857,pos
9858,neg
9859,neg
9860,pos
9861,neg
9862,neg
9863,pos
9864,neg
9865,pos
9866,pos
9867,pos
9868,pos
9869,pos
9870,neg
9871,pos
9872,pos
9873,pos
9874,neg
9875,pos
9876,neg
9877,neg
9878,pos
9879,pos
9880,pos
9881,pos
9882,pos
9883,pos
9884,neg
9885,neg
9886,pos
9887,pos
9888,pos
9889,pos
9890,pos
9891,pos
9892,pos
9893,neg
9894,pos
9895,pos
9896,neg
9897,neg
9898,neg
9899,pos
9900,pos
9901,neg
9902,pos
9903,neg
9904,pos
9905,pos
9906,neg
9907,neg
9908,neg
9909,pos
9910,pos
9911,pos
9912,neg
9913,pos
9914,neg
9915,pos
9916,pos
9917,pos
9918,neg
9919,pos
9920,neg
9921,neg
9922,pos
9923,neg
9924,pos
9925,pos
9926,pos
9927,neg
9928,pos
9929,neg
9930,neg
9931,pos
9932,pos
9933,pos
9934,pos
9935,neg
9936,pos
9937,neg
9938,neg
9939,neg
9940,pos
9941,pos
9942,neg
9943,pos
9944,neg
9945,neg
9946,neg
9947,pos
9948,pos
9949,neg
9950,pos
9951,pos
9952,pos
9953,neg
9954,neg
9955,pos
9956,pos
9957,pos
9958,neg
9959,pos
9960,pos
9961,pos
9962,neg
9963,pos
9964,neg
9965,neg
9966,pos
9967,neg
9968,pos
9969,neg
9970,pos
9971,pos
9972,pos
9973,pos
9974,pos
9975,neg
9976,pos
9977,pos
9978,pos
9979,neg
9980,pos
9981,pos
9982,pos
9983,pos
9984,neg
9985,neg
9986,pos
9987,pos
9988,neg
9989,pos
9990,neg
9991,pos
9992,neg
9993,pos
9994,pos
9995,neg
9996,neg
9997,pos
9998,pos
9999,pos
